Crop_Type,Farm_Area,Seed_Cost,Fertilizer_Usage,Labor_Requirements,Irrigation_Cost,Pesticide_Usage,Machinery_Cost,Transportation_Cost,Total_Production_Cost
Rice,5.56,10855.83,827.07,97.4,39436.21,22.52,17771.36,2580.51,170763.13
Maize,2.08,4099.93,210.97,28.1,4089.36,6.49,8722.4,2573.07,46641.5
Sugarcane,6.34,24414.51,1173.84,221.8,50452.78,21.76,24180.54,5184.93,255751.94
Cotton,7.37,21842.94,873.01,191.4,27889.68,51.2,26839.26,3551.48,248907.41
Wheat,7.13,13561.14,875.55,91.9,18439.16,16.19,25760.72,4347.1,162765.62
Wheat,10.0,17300.66,964.87,124.0,27566.38,29.83,34999.9,4518.12,204356.57
Wheat,8.52,17044.39,996.84,101.3,21965.38,20.87,31218.64,3725.53,176907.98
Maize,6.68,14943.99,716.19,77.2,12995.25,18.75,23724.62,3749.98,131679.57
Cotton,4.73,18342.36,714.24,110.2,14059.9,35.33,17811.06,2914.56,159159.96
Sugarcane,1.68,7807.52,329.01,55.8,9872.68,7.16,7254.51,2910.8,74749.89
Wheat,6.55,10308.35,697.44,65.1,16655.88,20.63,27378.49,3913.61,129207.57
Maize,5.67,10555.24,627.51,81.7,13913.13,12.35,20165.75,3361.67,128304.11
Sugarcane,5.91,23979.01,1364.78,189.5,43761.46,37.14,18668.24,3978.42,252183.62
Wheat,2.16,4159.59,255.97,22.0,5391.27,5.72,9091.92,1928.42,49139.97
Wheat,2.45,3656.53,386.25,32.7,6289.08,6.07,10112.7,2742.55,60096.6
Wheat,9.82,19095.12,1453.35,114.6,30315.51,23.66,35754.05,3981.29,217930.84
Rice,4.83,11436.23,761.67,112.7,33339.65,17.46,18353.46,3549.47,160394.5
Cotton,7.71,28226.34,920.09,207.0,19815.76,43.66,26405.93,2691.15,237293.57
Rice,5.05,11695.94,828.52,87.4,29820.63,17.87,17094.5,3667.65,142088.85
Rice,5.05,10992.22,763.48,108.6,26314.15,23.85,17218.41,3833.97,163280.49
Cotton,9.11,33346.08,1126.08,267.0,25746.3,73.21,32341.99,3754.29,302684.43
Wheat,3.54,6357.68,439.04,37.0,8184.99,8.87,14524.7,1745.53,73290.44
Rice,5.27,10345.68,725.74,106.4,37849.26,21.91,19460.52,3126.03,177669.78
Rice,3.67,7216.16,579.25,71.5,24403.21,14.83,12840.01,2080.2,114652.03
Rice,3.73,8206.35,593.14,66.6,17564.49,13.69,12840.22,2550.46,104955.86
Sugarcane,4.05,21292.35,866.67,145.0,33914.08,22.61,14343.4,3697.68,200879.09
Wheat,5.72,9554.18,730.22,64.0,15335.07,13.13,20337.32,2488.88,115179.05
Cotton,3.63,10309.28,508.66,70.9,11508.15,27.29,14404.98,2351.38,118937.48
Cotton,11.2,41734.35,1458.86,319.9,38385.27,79.54,35433.06,3505.47,389696.68
Wheat,2.77,4446.94,354.68,35.4,5035.72,5.95,10658.51,1817.43,60976.4
Cotton,4.39,15830.41,583.87,102.0,13008.96,31.07,15921.65,2739.82,139075.86
Wheat,3.72,7541.36,394.17,48.3,10012.59,8.97,13847.77,3140.7,87254.55
Wheat,12.69,19904.22,1550.93,177.3,31750.89,30.82,40183.34,6073.78,258980.67
Maize,5.63,10150.09,647.04,80.0,12457.29,17.73,19633.97,3269.01,123977.48
Maize,9.69,18385.44,1117.9,157.0,20829.64,32.21,29317.8,4782.3,221881.64
Sugarcane,1.89,8363.83,441.94,55.5,12991.66,7.12,8277.2,1722.22,79352.58
Rice,5.89,12586.53,826.29,137.0,37452.42,21.27,23368.35,3299.1,197881.41
Wheat,8.83,15140.92,1102.67,82.1,25727.2,17.95,28473.74,4884.58,173292.64
Cotton,5.23,18987.5,719.63,176.4,13594.5,48.74,19196.0,2408.2,204583.21
Rice,9.9,15731.38,1545.74,174.1,60097.33,33.5,32404.16,4185.47,277544.21
Wheat,3.54,7001.95,379.3,45.1,10116.44,6.49,13868.97,2435.32,72457.41
Rice,12.38,25603.95,2083.07,280.7,78039.19,57.94,36983.97,6044.36,397933.69
Wheat,22.07,37827.06,3025.1,288.1,61656.02,55.88,60699.96,8827.43,437875.33
Maize,3.91,8316.06,471.84,58.8,8636.4,10.05,12132.99,3372.37,94236.61
Rice,3.71,8312.23,584.2,86.5,25334.99,16.71,13432.99,2126.04,129664.42
Cotton,12.74,46186.77,1260.16,331.0,42989.94,87.89,39099.78,3935.61,416097.25
Rice,13.83,31644.66,2084.83,283.5,82771.85,61.12,46102.84,5738.8,407124.8
Cotton,3.53,11679.06,476.18,106.5,10415.74,29.54,14650.01,2947.08,133010.44
Cotton,3.77,12454.35,423.81,84.6,13674.82,25.61,15979.37,1603.75,123076.91
Wheat,4.12,7319.11,521.15,47.5,12014.65,12.07,14027.78,2600.97,86681.76
Maize,2.07,4253.86,226.59,28.8,4139.5,6.0,8060.58,2418.84,46755.5
Sugarcane,2.73,11633.62,495.65,92.8,22805.33,9.92,10916.48,2105.73,122665.8
Maize,2.58,4623.53,307.35,39.1,4893.89,8.69,11509.41,1939.37,64975.02
Maize,3.01,6369.03,302.47,50.0,6656.79,8.68,11493.04,3036.39,70107.21
Cotton,4.84,17391.17,618.23,135.8,14801.21,35.58,18937.06,2313.67,179184.2
Maize,5.77,12731.27,685.95,69.3,13241.14,18.78,19609.33,2775.06,130096.69
Wheat,13.57,23292.53,1667.38,160.9,35846.52,34.31,46534.18,5306.72,280933.82
Wheat,2.59,4430.93,315.58,33.5,5140.27,6.75,10993.77,2484.98,60081.86
Wheat,9.39,16082.78,1320.54,133.1,21315.33,21.54,34135.74,4269.41,208677.22
Rice,4.31,9196.68,759.59,81.4,25664.3,15.97,16742.39,3493.19,133401.22
Rice,4.8,9643.26,660.57,139.5,35860.08,15.31,15823.67,3595.74,169377.24
Rice,7.68,16908.22,1274.67,120.7,41529.4,30.79,27631.69,4700.83,214901.16
Sugarcane,2.39,11162.51,477.09,88.2,15948.91,10.08,9497.53,2064.48,103893.12
Rice,6.35,13648.25,962.57,110.5,34253.51,27.69,22331.81,3155.5,175635.13
Rice,5.52,13961.68,860.26,105.8,38181.9,13.35,19972.17,3979.91,169048.27
Cotton,6.82,23001.4,925.03,166.6,20585.66,41.3,23812.15,3160.25,212825.08
Wheat,5.98,12024.83,789.13,72.0,18104.97,15.78,22093.46,3773.45,135772.37
Sugarcane,24.43,107317.57,5326.16,864.0,179166.54,98.42,68668.19,14017.23,1011101.36
Wheat,3.27,5002.37,416.72,35.7,7007.94,7.41,12469.31,2309.83,67780.05
Maize,3.51,8205.05,396.47,57.0,9016.14,11.18,14208.77,2576.89,89168.35
Sugarcane,3.3,14323.66,691.19,117.6,26125.66,15.29,13045.14,3283.07,152536.96
Wheat,3.45,5605.33,373.1,45.2,7972.63,7.32,12478.77,2337.01,76144.9
Wheat,3.27,6126.52,432.84,35.6,9013.29,6.84,13496.09,3098.85,69959.48
Sugarcane,10.73,50993.54,2000.39,381.8,90561.87,52.18,37928.32,6404.3,438874.49
Sugarcane,12.47,57684.65,2314.11,413.9,90568.32,61.83,39773.75,8456.89,504039.92
Sugarcane,3.42,15544.35,839.78,106.2,26784.55,16.12,13045.37,2502.43,157015.63
Sugarcane,2.88,14081.58,550.46,106.8,25044.6,13.71,12268.65,3020.95,147699.68
Wheat,6.73,11637.05,698.25,72.9,18245.65,17.23,23392.36,3620.21,136478.37
Rice,3.46,8802.0,492.75,65.3,26488.71,17.91,13278.53,2873.07,112358.55
Wheat,7.47,13847.76,860.75,105.1,20809.77,20.0,27184.74,4181.84,170571.24
Maize,5.65,9013.28,603.07,79.1,10713.15,17.93,20050.26,3252.06,123696.31
Cotton,1.85,6799.2,248.48,56.2,6224.61,13.17,7788.15,2272.01,73145.84
Rice,13.54,29707.9,2123.36,260.5,85935.08,52.49,41052.61,5411.37,371861.3
Wheat,15.92,27595.0,1793.35,198.0,34952.67,35.26,48533.41,6217.0,303769.66
Rice,3.33,7083.95,453.21,71.8,19441.29,14.47,11107.96,3082.32,98082.74
Rice,3.85,8999.45,528.61,82.8,19362.04,14.49,13232.49,3006.24,120232.53
Sugarcane,5.96,27664.93,1058.44,195.6,49233.43,26.62,18972.71,4680.12,246590.7
Cotton,6.16,24046.65,758.66,127.8,18549.24,48.59,22457.75,3038.76,190495.53
Maize,7.6,16995.95,738.37,105.0,14518.37,20.79,24689.83,3378.25,157596.0
Rice,18.3,41693.53,2648.92,322.0,111351.77,86.32,56717.5,8366.48,545840.13
Wheat,4.41,8197.48,512.91,46.5,9851.92,11.91,17959.03,3213.3,93788.63
Sugarcane,2.95,13245.97,606.41,92.8,21940.27,15.05,12956.15,2317.34,131149.43
Sugarcane,2.02,8810.01,461.42,71.2,11276.63,10.14,8584.17,2410.61,93238.35
Cotton,3.08,10894.04,338.21,81.8,10150.71,20.0,11280.24,1953.45,106169.4
Sugarcane,4.85,20548.75,1147.87,179.3,44444.18,21.25,18751.51,3230.06,227959.98
Rice,15.9,35528.05,2550.76,265.5,88811.63,74.54,51450.78,6645.45,462939.94
Cotton,3.54,11072.51,442.14,109.0,10693.86,29.1,13342.53,1514.38,123191.65
Rice,5.73,12615.96,1037.9,117.0,40931.13,25.73,22054.78,3946.28,194191.76
Wheat,4.9,9621.29,522.95,51.7,11355.37,11.28,16485.46,2855.35,99154.74
Wheat,10.72,16787.83,1130.87,118.3,27195.06,22.75,34986.92,5246.6,214138.59
Wheat,25.6,48780.26,3160.7,221.6,56626.84,62.82,73753.68,9661.06,470242.47
Cotton,3.51,14739.4,376.71,103.3,11143.08,28.1,12999.23,1539.11,125694.77
Rice,3.6,8227.95,456.45,87.9,22077.08,14.2,15127.74,2468.99,117058.55
Cotton,9.76,32742.9,1425.35,257.9,29149.81,58.91,34300.49,3722.02,321336.73
Maize,7.72,14810.29,852.12,72.9,15642.44,24.74,24716.76,4733.54,150811.37
Wheat,16.45,27461.48,2009.5,191.8,40056.81,37.24,42132.92,7269.21,309736.21
Rice,7.24,15560.32,1000.88,185.5,42221.64,26.55,25790.53,3747.73,230199.39
Sugarcane,3.92,19076.82,863.63,109.1,30647.32,16.96,16350.8,3309.86,177322.1
Wheat,7.27,13897.49,920.65,86.4,17632.96,21.45,25753.44,3641.13,167659.23
Wheat,10.18,14418.3,1303.81,91.4,24760.84,25.12,38457.63,4358.76,202399.96
Rice,8.44,17517.95,1374.31,213.0,61908.04,30.07,29898.78,5115.71,261169.13
Wheat,6.89,13653.43,799.7,76.6,20317.44,16.0,22644.29,2781.19,140806.85
Maize,9.91,20598.86,1051.07,129.7,23737.11,21.22,37043.76,3769.79,205993.05
Sugarcane,10.59,45734.13,2410.03,347.9,62899.9,50.09,32460.29,7534.37,414226.48
Cotton,12.16,45289.82,1655.1,292.6,35586.55,89.69,36967.01,4268.69,365376.35
Maize,7.55,14284.02,886.4,72.8,17112.62,18.62,27623.81,3267.96,137466.39
Sugarcane,4.44,19356.75,992.24,150.2,31637.8,17.15,17269.43,3927.55,186744.33
Wheat,5.45,8689.19,703.79,54.9,14469.51,15.61,19156.16,2623.39,114995.11
Maize,10.85,23250.17,1411.87,136.6,25910.38,43.69,34342.85,4624.83,251244.2
Cotton,2.91,10930.93,433.89,83.1,10053.36,19.45,11947.85,1456.39,104305.32
Sugarcane,6.29,32080.26,1594.59,232.0,57261.76,21.27,21467.37,5096.61,285084.22
Maize,3.84,8116.18,467.72,54.8,8157.89,7.87,14293.73,2590.26,86073.38
Rice,5.05,12005.42,662.44,110.7,36519.45,20.24,22631.0,2462.96,162343.35
Wheat,11.37,20008.27,1228.28,144.7,34911.22,29.47,38020.29,5332.16,233967.3
Wheat,5.61,11056.69,769.89,63.6,14102.42,12.12,22138.95,3364.02,126788.7
Rice,5.1,10630.32,736.12,113.0,27988.51,18.08,18658.2,3757.34,157459.03
Sugarcane,2.05,7636.54,490.53,57.7,18148.81,8.77,8429.29,2132.36,88154.49
Maize,8.05,17406.86,813.09,87.0,20272.9,28.29,26070.35,4168.98,172126.13
Wheat,7.54,14149.63,937.52,105.5,18849.29,15.51,27253.54,2992.6,160484.79
Cotton,20.21,71358.2,3298.49,470.0,58049.82,153.51,66798.69,6236.86,659589.32
Rice,4.05,8131.51,658.21,96.9,21442.04,20.06,15890.63,2567.07,127556.84
Wheat,5.71,10943.13,659.56,65.3,15587.49,16.44,22572.55,2987.69,124775.56
Wheat,5.82,10040.7,674.59,71.3,14684.72,13.25,20645.85,2924.81,114326.14
Rice,13.81,29800.18,2027.31,315.4,106821.9,45.98,51839.1,5484.46,435121.94
Maize,4.66,10401.81,605.24,50.9,8992.2,13.39,15903.81,2280.01,100534.75
Rice,5.94,13334.58,726.52,140.8,39466.53,28.72,21512.39,4123.15,192904.92
Cotton,7.35,30635.48,823.07,210.3,27722.87,73.91,24873.11,3785.97,278830.19
Sugarcane,5.59,24163.34,1553.67,202.3,42864.6,26.94,22399.48,5000.55,253912.05
Rice,3.71,7802.8,548.32,88.2,24716.34,11.96,13524.88,2619.1,128328.03
Maize,5.62,11431.48,694.93,81.7,10106.44,21.28,20369.02,3394.71,128379.46
Maize,9.95,20131.67,1027.28,134.6,26063.01,32.96,30418.13,3816.56,207105.3
Rice,2.54,5527.27,391.9,38.6,11801.81,9.64,10061.72,2305.52,76393.88
Rice,5.4,12046.59,701.73,109.9,35655.68,20.13,19244.6,2661.78,164028.31
Rice,3.14,6348.58,433.82,68.8,17682.77,15.89,9788.7,1689.08,100562.34
Rice,10.77,21941.47,1357.41,215.4,68211.83,46.29,34366.61,5408.95,324939.93
Wheat,1.84,3219.72,209.85,23.4,3756.93,3.43,7520.28,2419.59,41536.68
Cotton,3.44,11595.83,466.18,109.2,8079.67,27.75,10706.41,3119.78,129368.79
Cotton,6.33,20657.34,606.72,160.9,23033.58,35.14,20405.21,2979.1,197456.11
Wheat,13.7,24563.27,1617.64,159.2,40213.62,38.77,40251.97,5921.55,281182.39
Rice,4.75,9938.43,841.43,84.0,24030.35,19.34,17490.87,2696.17,135236.12
Maize,3.45,7028.5,350.78,35.0,8678.03,11.84,13293.72,2037.64,78077.88
Wheat,16.82,29213.32,2047.53,203.2,39162.71,37.07,49700.07,6415.12,326656.23
Wheat,1.93,3493.8,201.64,21.0,4293.4,5.72,7924.83,1267.53,44816.64
Rice,1.19,2775.93,187.06,26.6,8337.86,4.5,5527.53,1368.81,42568.55
Maize,6.59,12357.72,803.33,74.8,13775.63,19.87,23557.59,4275.03,138288.67
Wheat,3.57,6640.34,444.76,37.9,9493.8,11.1,13661.24,2149.15,79959.68
Cotton,2.55,8046.97,310.52,75.5,7538.91,18.45,10800.62,2388.27,91045.8
Sugarcane,7.85,34041.9,1898.01,245.4,56209.08,39.13,26002.6,5749.75,309906.57
Wheat,5.8,10574.04,849.99,64.7,13233.15,15.31,21376.4,2638.16,128868.48
Sugarcane,3.43,14908.64,784.93,107.8,28335.14,18.1,13729.37,2578.94,152571.99
Rice,2.16,4326.39,311.25,48.0,16110.98,9.42,8387.74,2128.31,74318.15
Cotton,8.73,32219.25,1188.59,260.1,24656.35,79.29,30801.48,3012.75,341268.76
Cotton,7.56,25220.91,900.55,200.2,25085.01,52.24,29241.02,2728.41,242355.61
Cotton,4.64,15029.2,438.99,141.3,14875.13,40.27,15612.23,3385.32,177914.75
Wheat,16.45,25729.84,1621.37,167.6,44000.81,44.19,56082.69,6438.82,325127.26
Sugarcane,2.47,9628.04,543.25,85.6,18017.4,12.15,8950.66,1804.59,109139.04
Rice,1.84,3725.73,270.99,29.6,12216.15,8.94,7043.46,2399.02,62282.92
Wheat,3.16,5412.52,422.37,37.4,7698.62,9.68,12271.01,3229.2,72189.29
Wheat,4.81,7982.42,652.44,60.8,11227.14,13.83,16996.82,2047.01,101013.34
Cotton,5.8,18099.66,823.37,152.0,18524.55,49.48,19659.65,3616.62,192736.43
Cotton,4.23,15793.71,519.63,120.3,12098.07,32.59,17401.89,1762.37,151057.09
Wheat,6.23,10414.77,683.89,59.7,17318.3,10.36,23085.04,2789.2,120297.71
Cotton,2.2,7290.29,298.02,54.7,7122.51,13.37,7901.86,1182.78,74601.9
Wheat,12.66,21786.5,1718.94,132.6,36196.91,24.64,40023.82,6156.53,250320.25
Cotton,4.7,18322.45,524.06,113.5,14322.49,41.79,17846.82,2385.53,165802.11
Wheat,10.24,20900.27,1107.74,136.2,24102.74,27.65,38381.27,4129.51,216715.72
Cotton,6.19,19795.7,852.29,153.4,19343.56,43.28,20698.93,2241.02,207289.4
Rice,6.67,13726.48,1100.89,143.9,51394.35,36.34,22708.56,4412.34,233111.36
Maize,7.17,15429.86,807.87,79.0,15402.46,22.48,25511.47,3574.85,148924.45
Wheat,6.63,11692.5,916.0,80.6,15498.7,19.23,25642.36,3275.47,149789.68
Rice,7.52,15807.97,1113.33,191.1,43351.33,37.37,25553.8,3744.64,247562.54
Wheat,11.75,19575.32,1393.57,159.2,26258.34,17.97,38950.13,5545.1,226479.29
Maize,5.63,12125.04,647.94,65.8,12642.03,18.59,22782.09,3486.11,128450.53
Maize,7.85,15009.7,721.4,124.7,19683.48,23.24,29133.16,3200.27,169035.39
Rice,4.67,10697.53,642.06,126.6,32433.13,17.05,16409.8,2304.44,162710.77
Cotton,12.63,45162.72,1696.61,338.1,32222.27,97.47,39988.23,4644.6,416301.47
Sugarcane,3.19,14754.14,707.88,114.6,24475.02,15.45,13729.79,2568.81,138644.56
Cotton,15.97,59130.37,1782.89,415.9,47903.42,128.88,49723.63,5703.1,529179.5
Cotton,4.83,14515.39,629.69,99.1,14861.94,45.15,18254.18,2723.57,153211.49
Wheat,1.95,3474.41,217.27,21.5,5796.6,4.9,8286.61,1348.78,44416.14
Wheat,5.38,9282.93,639.91,79.2,11152.18,9.71,20729.84,2793.15,115597.8
Maize,3.18,6876.99,312.57,49.0,6384.28,12.61,13853.92,2041.34,75485.32
Maize,8.55,17380.11,1012.53,92.4,19486.36,29.24,28386.23,4180.08,179093.86
Cotton,3.24,11160.02,426.43,96.9,10642.72,20.62,12071.48,2925.7,117781.11
Rice,3.71,7514.46,521.28,81.9,24975.17,12.19,15237.87,2164.19,119702.8
Rice,1.45,3127.25,191.98,31.3,9096.97,5.49,6340.97,2085.39,49584.52
Sugarcane,3.69,18118.79,780.35,110.1,32392.49,16.32,14271.77,3053.23,161779.19
Maize,1.02,1938.02,101.2,12.3,2570.41,2.83,5361.02,1177.85,24590.36
Maize,1.77,4001.51,187.44,23.8,3010.84,4.95,7062.96,1798.35,43593.92
Sugarcane,8.12,34549.64,1810.72,186.9,58840.59,37.08,28424.72,5415.85,326504.79
Cotton,8.25,30605.99,1105.92,181.1,18065.85,65.48,28250.05,3794.49,256640.95
Wheat,6.53,12053.77,801.08,87.3,12677.44,16.6,25289.12,3152.36,136469.17
Wheat,2.64,4165.49,311.71,29.4,5834.73,6.43,10925.9,2983.57,55569.51
Maize,4.8,10354.42,522.83,56.9,8901.52,18.58,17433.44,3034.5,97864.61
Cotton,4.94,13504.98,678.88,138.8,13739.92,31.57,16726.34,2459.22,152763.81
Wheat,2.33,4218.81,263.36,26.8,5713.38,6.2,10083.97,1323.22,51314.47
Wheat,13.16,24302.86,1294.33,105.2,36235.17,32.87,46873.73,5787.81,253904.23
Cotton,8.76,29997.08,1093.67,202.7,25168.82,46.87,29804.06,4200.1,269872.62
Wheat,4.29,7737.57,435.36,51.4,13551.54,11.52,15928.2,2936.7,92420.37
Wheat,5.04,8899.48,468.04,52.6,12023.93,13.63,17339.95,3601.59,93140.09
Cotton,5.67,18581.05,805.61,151.8,17003.69,33.86,18691.51,2778.74,182057.07
Cotton,1.31,4733.31,183.57,31.6,4574.27,12.08,6138.92,971.58,50328.62
Cotton,4.22,13388.34,537.16,132.4,11029.26,26.64,15925.82,2085.45,146790.53
Wheat,3.18,5156.02,392.81,37.3,6865.13,6.89,13772.07,3008.34,71500.63
Sugarcane,2.58,11753.49,548.5,88.9,19100.93,13.74,9527.47,3203.61,118191.82
Wheat,4.13,8086.2,549.32,57.9,10847.99,12.74,15237.23,2348.99,101413.38
Rice,15.93,33212.68,2396.03,320.7,83885.82,54.73,47811.23,6949.05,435748.96
Sugarcane,7.51,34654.5,1759.5,270.6,53552.96,35.24,28397.83,5388.69,342375.55
Cotton,3.42,11649.63,454.53,74.4,10226.89,21.45,13277.56,2562.09,106610.73
Sugarcane,7.19,32146.1,1722.39,253.1,56679.02,37.73,24391.65,4851.56,336542.08
Cotton,12.3,45428.94,1513.82,355.8,32948.17,79.79,37106.08,5296.54,425800.52
Cotton,9.03,30240.84,1110.33,239.3,32646.89,63.09,29884.54,3055.84,298147.75
Wheat,5.15,9464.35,497.52,57.7,9447.65,15.52,17173.55,3261.05,99997.84
Rice,3.25,7212.24,536.32,72.6,20805.26,14.89,11817.0,2816.96,109665.3
Rice,7.8,16692.43,1228.52,138.1,52057.66,33.78,28588.89,3376.17,240602.86
Wheat,6.4,11225.85,670.18,77.3,15055.86,14.83,22979.09,3975.89,125056.48
Maize,8.86,15520.58,1039.12,135.5,23817.73,29.94,33183.76,3694.53,197181.68
Rice,7.48,17069.18,1331.5,182.0,52746.01,34.31,27458.8,3691.87,263181.89
Maize,9.8,18274.8,1137.66,129.9,17434.05,31.26,31545.0,4467.71,214081.44
Cotton,3.5,13143.59,431.9,74.8,11507.97,26.07,12355.05,1994.14,114695.64
Sugarcane,11.66,55368.33,2633.34,414.6,86720.33,43.13,41858.32,6814.78,492736.56
Cotton,5.63,21146.25,830.46,130.0,22281.06,44.85,21985.08,2517.69,202822.7
Cotton,19.09,71477.53,2263.69,526.6,56414.13,147.83,56639.05,7038.69,638917.24
Rice,3.16,6521.85,480.27,67.5,18355.26,14.25,12162.62,3179.26,101438.58
Wheat,15.31,27382.98,1782.0,149.2,39929.23,35.19,51163.48,6626.69,283880.38
Sugarcane,5.63,23625.59,1266.13,193.3,42255.09,28.6,19681.23,5085.97,241464.33
Rice,3.24,6700.69,475.23,60.2,25660.88,11.86,13333.45,1853.42,112024.87
Wheat,3.62,6275.81,400.97,45.5,10531.39,7.18,13595.34,2578.3,81051.74
Cotton,4.02,14960.32,591.07,107.4,14311.17,37.54,16648.54,2247.4,145863.45
Wheat,6.53,11775.11,762.79,85.2,15220.75,17.34,20986.5,3625.79,143965.39
Maize,6.96,12931.87,824.69,98.1,17629.97,18.79,23058.41,3817.52,150720.16
Maize,3.41,7882.96,320.83,46.6,6183.42,12.25,13102.32,2469.11,80482.75
Maize,4.88,10257.62,623.56,55.5,10691.49,11.09,17590.49,3663.17,101073.82
Rice,19.93,44282.87,2750.45,383.0,115391.83,104.92,56658.57,7883.74,622504.32
Wheat,15.22,25519.55,1832.9,181.9,30601.32,40.79,44052.82,5885.65,290703.42
Maize,6.58,12329.69,788.76,101.2,13304.59,17.54,22098.0,2975.5,147372.59
Rice,5.08,11005.34,746.9,115.6,38062.43,20.71,17871.52,2926.78,168321.71
Maize,5.35,11203.54,583.07,86.5,12462.19,17.37,20293.59,3659.72,133257.45
Maize,7.38,15613.51,820.88,111.5,17245.22,22.23,25172.59,3647.28,166642.23
Maize,2.55,5748.11,291.91,31.2,5700.69,7.51,9430.53,2996.18,58827.69
Rice,4.19,9600.64,659.66,90.3,28590.56,20.79,15327.08,2355.39,144013.26
Rice,1.67,3565.18,260.31,33.5,11181.55,5.87,7852.3,1507.44,56883.42
Maize,6.42,11818.52,723.82,74.6,13695.6,22.23,24271.58,2858.59,136811.53
Rice,7.54,17431.37,1252.98,153.3,29749.01,26.46,28867.28,4597.57,214960.23
Wheat,3.62,6897.03,406.14,32.0,8865.1,8.69,13381.39,3254.73,71187.85
Cotton,13.78,49066.95,2176.47,438.3,40122.6,71.66,44048.24,4536.45,474114.4
Maize,2.23,4969.26,235.01,33.7,3779.15,7.35,8637.51,1342.89,50627.0
Cotton,1.91,7512.75,247.58,44.5,6610.9,13.9,7119.21,2235.08,68274.87
Cotton,5.73,17473.87,751.83,147.1,16666.47,51.68,19563.51,2915.49,197188.53
Wheat,9.78,19580.63,1078.26,107.8,25318.43,25.89,33179.57,4437.16,215224.88
Cotton,14.8,56991.47,2106.55,389.8,46555.68,103.08,43933.23,4695.09,468977.3
Maize,3.68,7448.86,406.61,58.2,10616.42,12.92,13515.31,2243.76,91697.21
Wheat,9.99,19411.62,1363.5,102.2,26399.67,27.34,32363.06,4115.35,200553.47
Cotton,4.83,17741.8,564.29,105.3,15446.53,32.65,17397.75,2332.08,148207.2
Maize,4.43,8131.78,469.11,65.3,10831.6,12.3,14976.84,2108.96,98121.33
Sugarcane,8.8,42313.67,1854.4,254.5,69334.03,45.55,32317.15,6572.36,393425.61
Cotton,7.57,28227.39,934.77,193.0,24917.45,45.78,26084.82,3057.27,261839.6
Sugarcane,1.78,8312.04,377.22,59.7,13055.44,8.24,7846.14,1633.53,78923.53
Rice,12.93,28634.5,1798.27,321.9,94534.44,45.98,37432.37,6540.53,414186.85
Rice,12.15,28162.32,2015.46,257.0,83518.67,48.09,36158.99,5477.62,381140.98
Sugarcane,3.3,13733.92,807.26,109.6,29064.68,18.26,12666.96,2782.62,148326.51
Sugarcane,6.41,31477.66,1698.31,224.7,42730.21,24.69,23048.9,4816.98,305547.8
Maize,6.83,11365.82,802.63,91.1,16047.96,18.47,24003.98,2823.78,140724.71
Maize,5.87,12229.8,634.57,66.7,11393.6,15.42,23336.38,3875.88,124649.32
Cotton,3.46,12464.75,439.11,96.1,10392.05,17.76,15335.9,2995.5,106866.01
Cotton,3.2,9975.59,340.03,99.2,10257.18,19.46,12872.63,1992.02,122930.05
Sugarcane,4.87,25745.91,997.83,198.7,38204.43,23.56,15504.84,3275.6,221721.99
Cotton,10.62,32401.55,1439.85,309.7,33080.16,83.07,34562.43,3839.54,365755.48
Sugarcane,7.05,30950.43,1713.38,228.5,44365.94,35.26,24374.45,5453.54,290937.77
Sugarcane,3.89,15228.26,789.7,147.8,34735.62,19.22,16436.73,3491.92,175269.25
Maize,8.18,17611.6,1108.97,109.6,19086.6,24.85,26619.91,4609.37,178659.73
Rice,1.0,2181.93,130.85,19.7,6744.23,4.08,5211.97,974.15,35471.79
Rice,10.45,23446.72,1579.74,228.4,69568.67,35.34,35149.71,5130.15,339022.38
Wheat,1.6,2877.14,168.31,14.7,4359.53,4.93,6680.13,1351.64,34605.35
Cotton,3.91,13767.76,507.57,109.3,12658.88,31.24,15715.8,1674.12,145865.04
Wheat,2.39,4146.89,274.05,26.4,6428.23,5.42,9406.23,2778.99,52414.14
Rice,2.13,4965.89,329.9,59.0,12429.11,9.18,8495.57,2918.4,73843.08
Cotton,10.53,37935.72,1104.59,256.7,44011.72,86.68,32700.47,3414.03,334555.01
Rice,3.65,7763.64,493.01,84.0,28853.67,11.75,11932.16,2803.72,122534.58
Cotton,6.2,22639.75,826.51,155.7,17930.81,29.38,21720.58,2721.41,198819.79
Wheat,4.8,8411.37,546.61,57.2,13109.88,16.29,18800.36,2710.7,110687.75
Wheat,6.75,11766.88,747.28,85.9,15165.23,18.5,23908.15,3811.43,136510.09
Sugarcane,5.21,22640.65,1193.86,190.4,43566.74,29.8,19733.12,3933.46,254831.71
Rice,2.15,4628.08,296.82,47.7,16627.11,8.2,8878.61,2879.37,74929.74
Wheat,9.46,15712.37,1074.06,102.1,19441.29,20.75,29129.95,3842.54,172902.16
Cotton,3.59,13222.66,430.99,112.6,10580.34,28.79,13324.63,2780.43,147659.88
Sugarcane,1.8,7322.58,423.68,59.4,14769.04,6.31,7037.2,2420.36,82541.14
Wheat,3.75,7411.17,500.44,41.4,10048.12,6.95,13481.63,2333.74,81705.77
Cotton,13.14,49939.11,1755.82,335.1,40470.35,111.23,44608.31,5309.72,459282.41
Wheat,8.61,14572.03,1230.26,81.8,20852.97,19.41,29125.95,3756.07,163455.79
Wheat,3.95,7726.69,483.97,47.6,9864.12,9.11,15138.07,3396.59,88103.37
Cotton,3.95,14011.35,461.87,95.7,12189.42,28.29,15934.51,3045.84,134448.29
Cotton,4.02,12501.61,493.26,105.9,15449.45,28.91,12548.18,2483.66,142864.86
Cotton,19.1,69847.78,2277.13,390.6,58561.74,101.17,55084.36,6312.12,531974.25
Sugarcane,6.35,27457.41,1618.97,183.1,41192.27,23.88,22473.24,4195.57,254548.31
Maize,6.55,13664.68,768.03,77.3,15597.32,19.2,23269.91,4141.12,128839.82
Cotton,9.68,32898.14,1278.75,261.1,31531.12,57.23,34908.08,4521.09,310315.5
Rice,5.78,11114.89,893.49,104.9,37587.92,25.17,21138.65,3124.87,174468.44
Sugarcane,4.19,17702.3,1002.57,131.4,33855.77,17.77,13272.9,4226.71,172341.0
Rice,4.36,7745.55,558.73,89.1,23870.77,19.52,16756.13,2917.0,128618.21
Rice,4.73,9697.88,671.12,110.8,29926.37,15.09,19842.65,3880.72,160657.7
Wheat,4.83,9394.79,497.85,63.9,11851.31,10.52,14994.74,3368.05,99502.13
Wheat,7.95,13936.02,965.9,108.3,20785.44,18.76,26438.23,4442.4,174411.24
Maize,5.12,11088.82,565.51,74.9,11978.73,15.09,16662.14,2457.33,121817.99
Sugarcane,7.97,37101.23,1529.72,263.7,55100.53,24.06,31196.91,5912.77,331456.12
Cotton,4.7,17311.22,572.49,101.4,12839.61,34.7,16263.8,1862.8,151114.69
Rice,5.21,12558.25,662.79,118.4,36411.13,16.97,16723.88,3248.88,163172.54
Wheat,1.35,2159.86,155.79,17.1,3286.04,3.05,6306.67,2432.87,33184.28
Wheat,8.99,14586.54,1181.55,123.9,26978.78,26.6,30207.39,3962.88,211234.62
Rice,6.2,12350.72,1064.97,120.4,45400.91,24.67,23486.2,3550.37,203248.08
Cotton,9.48,34213.98,1317.44,285.9,32853.71,74.01,29540.02,2983.11,359977.26
Sugarcane,1.0,4109.86,220.15,31.5,7767.34,3.64,5222.09,2403.07,42502.26
Cotton,19.25,75875.99,2887.97,454.8,59722.79,128.05,60368.76,6139.96,627926.47
Rice,4.52,9685.22,787.82,90.0,28784.22,20.16,16848.28,3593.78,151126.88
Maize,10.18,19527.7,833.85,132.5,21519.83,32.33,33796.55,4387.93,206893.24
Sugarcane,2.52,11701.15,636.92,98.7,19696.99,10.54,10293.8,3043.42,118861.82
Cotton,7.38,25845.86,981.62,217.8,22030.29,31.83,28636.58,3052.77,257973.59
Cotton,2.5,9728.8,270.34,66.7,7897.73,14.19,9873.17,2491.95,80249.47
Rice,3.3,6976.78,423.91,77.3,23294.5,9.77,14030.76,2616.32,111539.52
Wheat,17.19,29786.64,1839.14,191.3,42206.88,46.25,53642.77,6192.25,323951.39
Rice,4.38,8658.42,645.95,95.0,22503.37,18.39,14965.09,3058.0,135589.36
Sugarcane,5.7,25003.88,1233.65,193.2,39719.05,25.36,17244.56,4294.11,256277.81
Wheat,8.72,15805.26,937.98,110.4,22841.29,23.09,28854.85,4760.42,178023.22
Wheat,6.84,12383.96,687.52,75.8,18264.49,14.45,23509.1,3219.61,134215.02
Wheat,5.46,10632.2,642.72,59.3,13189.52,14.84,21987.15,3194.48,119430.12
Wheat,6.28,11253.6,790.54,79.6,13354.86,15.64,18314.8,3623.71,125751.91
Maize,23.62,45279.85,2819.88,298.7,55185.63,60.43,60475.15,8192.47,465772.14
Sugarcane,4.77,21780.01,989.08,150.9,32405.73,23.4,15616.1,4455.05,194502.49
Rice,5.64,12861.96,1023.51,118.6,39260.53,22.2,23487.33,3382.24,189573.73
Wheat,9.81,18284.14,1176.63,104.0,20826.69,25.14,34167.8,4489.62,191315.69
Rice,10.16,27185.45,1488.85,240.3,77467.11,41.97,31812.36,4340.38,341735.72
Rice,10.71,21973.16,1901.16,239.0,64190.79,41.04,41241.12,4323.73,347222.29
Wheat,7.5,12308.56,973.85,88.5,17804.94,13.39,29229.93,3598.52,143158.81
Rice,2.36,5046.1,351.9,59.4,11899.91,10.03,8985.57,2571.08,74854.12
Rice,14.32,30745.43,2012.37,336.1,106796.61,54.4,39054.45,5914.8,457093.79
Cotton,2.35,7853.59,263.95,74.6,7960.46,22.3,10112.68,1291.79,89256.99
Cotton,6.03,19139.9,914.99,149.3,17364.43,29.85,20982.95,3555.65,197380.31
Wheat,3.03,6139.96,400.78,33.5,5304.46,7.93,13703.09,1549.08,65473.39
Rice,4.75,10302.75,505.91,122.5,27535.4,20.44,17374.4,3223.84,155218.72
Cotton,6.13,22437.79,765.14,176.1,20806.76,59.7,22188.02,3651.88,229531.25
Cotton,6.1,24034.76,824.98,146.4,17655.3,46.46,17780.07,3012.61,222887.33
Maize,6.52,13778.29,692.11,86.2,13841.26,18.38,25428.52,3814.09,134387.77
Cotton,14.14,51460.27,1842.87,336.3,49643.9,114.5,48620.13,5841.11,461076.88
Wheat,6.65,11762.28,1056.56,85.4,17827.91,18.61,22083.11,3904.13,141439.73
Wheat,4.23,7886.27,475.19,59.5,11365.7,10.96,16400.24,3036.83,95765.5
Cotton,9.27,38033.81,1265.19,269.9,33005.56,56.77,32329.2,4376.49,312144.98
Wheat,10.73,17592.61,1206.36,108.1,25061.0,25.96,38294.76,4306.61,198654.64
Cotton,2.23,8173.32,293.9,76.2,7813.11,17.49,9760.45,2374.02,91570.11
Maize,7.3,15851.53,682.03,75.2,14928.51,16.53,24681.83,3177.82,134410.3
Cotton,7.81,28460.92,1075.06,228.5,27474.33,67.09,26514.51,3731.41,302041.66
Rice,4.08,8010.17,559.3,102.5,29766.16,15.43,16325.55,3327.63,151687.17
Cotton,12.11,45271.9,1939.7,341.6,34529.83,90.29,42277.81,4220.44,408554.59
Rice,4.49,10024.17,703.99,116.3,26485.44,14.52,15487.7,3836.9,148985.25
Cotton,5.37,18595.22,713.83,174.0,14509.82,36.3,18306.95,3518.63,195075.35
Maize,4.43,8744.68,444.85,61.2,10609.38,11.01,16567.64,2014.23,96140.08
Rice,5.0,10356.43,788.25,97.9,31155.37,14.38,16610.53,3572.57,144038.89
Maize,2.43,4779.52,239.74,36.9,4809.06,7.89,9593.69,2845.59,58633.88
Maize,1.94,4274.68,182.64,29.6,3846.34,5.6,8203.1,2451.73,45570.37
Wheat,13.96,25216.11,1835.32,146.8,34707.65,34.81,47445.48,5662.9,294442.36
Wheat,2.86,5504.31,326.42,31.3,6534.48,6.78,11545.95,2869.76,58059.53
Wheat,2.6,4733.7,339.19,26.2,5304.64,8.04,9943.47,2179.54,58478.3
Wheat,1.22,2031.04,132.77,17.2,3121.34,3.53,5464.8,1719.03,32417.93
Wheat,3.27,6395.96,350.16,35.5,9114.34,4.85,12502.82,2264.4,63362.28
Cotton,2.1,6731.09,275.41,65.0,8377.03,17.13,9705.09,1111.54,82860.48
Wheat,14.4,24931.82,1502.57,143.2,28909.24,36.07,41519.86,6479.58,242247.59
Rice,9.55,20897.43,1460.15,223.2,56676.2,33.18,31163.39,4805.36,300424.43
Sugarcane,3.17,13402.31,722.54,106.4,21095.34,17.12,13174.64,2513.11,141831.75
Wheat,21.41,37290.74,2699.0,270.3,45653.69,46.78,63745.21,8332.85,395451.0
Sugarcane,9.38,38821.59,1995.22,366.1,76877.69,41.21,32668.87,6952.21,431749.04
Rice,4.01,9008.51,554.92,82.4,33546.45,14.19,14994.2,3439.06,133415.82
Wheat,1.0,1932.46,132.23,11.1,2315.16,2.11,5179.97,1643.87,25996.61
Cotton,21.96,85302.91,2639.58,493.2,64176.17,156.07,60129.59,6905.89,698111.33
Cotton,2.01,6766.8,283.69,55.3,6454.21,14.66,9141.04,2169.19,73138.59
Maize,1.7,3999.54,186.9,26.4,3920.84,5.45,6651.65,1756.48,43233.97
Sugarcane,9.63,47904.93,1830.86,303.8,69723.92,42.59,32832.6,5922.31,402307.89
Sugarcane,24.19,103836.68,5839.81,819.0,145411.92,91.96,69105.12,13784.89,961960.78
Rice,12.18,31395.96,1544.74,191.8,64927.18,55.29,43685.59,6265.97,313126.59
Wheat,7.15,12717.42,826.45,78.2,18549.5,16.06,25893.87,4069.97,146311.35
Sugarcane,7.29,35184.13,1615.39,306.6,45237.58,30.27,25266.41,5563.09,340829.72
Sugarcane,8.63,43706.48,1714.36,348.9,72281.6,33.45,28008.95,5834.49,380898.86
Maize,8.11,15745.5,937.09,115.8,20704.5,24.03,28740.6,4282.22,176887.59
Rice,5.95,12708.71,978.72,147.7,40965.41,23.31,20937.46,3101.81,206353.11
Rice,5.3,10900.33,914.32,131.9,32521.18,19.2,15277.15,3027.63,175113.69
Sugarcane,4.76,20563.86,1040.54,190.2,39798.17,16.93,16187.28,4174.33,217417.76
Rice,3.03,6520.5,498.59,57.0,18231.76,9.38,10957.16,2785.12,96516.97
Maize,4.13,7512.26,428.67,54.1,8919.73,11.75,15086.03,3131.11,81722.49
Maize,1.65,2816.96,192.68,25.8,3233.39,4.77,7342.73,1236.32,40042.66
Rice,4.65,9414.92,597.53,101.4,35329.05,17.96,16024.32,3118.82,152842.92
Sugarcane,2.6,12633.44,639.6,89.1,18662.09,13.85,9486.43,2290.98,116459.73
Sugarcane,2.42,11415.75,535.03,85.8,19387.5,9.75,10735.4,2878.96,108519.71
Wheat,5.57,11383.4,678.05,43.9,14492.06,13.2,20006.68,2945.88,109023.41
Maize,12.24,24501.73,1285.93,164.8,28793.3,33.08,41376.46,5603.69,262070.91
Cotton,9.0,31060.94,1050.28,248.7,19556.7,49.77,30287.28,2834.87,291108.36
Sugarcane,1.78,8282.43,348.45,61.6,11780.3,8.8,7264.8,2840.67,84895.28
Rice,2.6,5581.4,442.5,55.1,19884.37,10.37,10950.89,2274.58,91315.72
Maize,9.13,18209.36,1077.5,130.7,20001.29,25.29,33767.96,3586.8,195307.0
Rice,2.62,5881.0,322.53,54.9,17530.76,10.06,9290.07,2327.81,78975.51
Wheat,4.28,6938.38,540.0,59.6,9234.65,10.08,16464.91,2562.0,94418.8
Maize,7.08,14092.42,646.27,86.3,15927.02,18.73,25283.93,4468.63,151843.6
Wheat,2.64,4692.15,316.76,33.5,6707.85,7.3,8815.74,1847.3,57259.71
Rice,5.3,11049.45,632.06,118.6,40466.77,19.32,19933.51,3336.47,167840.4
Maize,2.08,4047.15,213.44,29.3,4403.35,4.75,8679.96,1908.95,49278.05
Maize,3.35,6996.36,333.99,52.2,7547.5,10.44,12573.85,2770.74,79460.19
Cotton,6.1,20298.01,829.99,163.2,20061.7,45.17,21325.59,3483.73,197301.66
Cotton,1.76,5700.62,223.88,51.1,6106.89,13.68,7226.73,2106.09,66416.9
Rice,6.59,14700.44,832.95,141.6,45285.92,24.42,23170.21,4386.84,199700.55
Rice,4.89,9247.2,682.51,110.9,29103.96,18.86,18602.95,2655.78,152637.68
Rice,7.09,16595.79,1046.13,171.9,39672.07,27.27,27348.15,2973.52,240995.26
Cotton,5.73,22994.96,766.11,119.1,19349.96,49.73,20502.71,3054.03,203679.52
Sugarcane,12.02,54364.95,2279.0,321.4,92901.19,48.4,33927.81,7766.73,462564.41
Sugarcane,5.37,25734.19,1220.61,247.3,35307.04,17.96,18881.5,3888.45,256888.62
Sugarcane,3.75,16206.35,784.79,112.9,27814.85,16.43,14681.57,2863.23,152516.58
Wheat,5.36,11241.25,653.37,68.8,13085.68,14.0,22021.56,3171.57,120874.32
Rice,7.05,16038.64,1039.86,128.3,55051.17,24.72,26238.83,4437.58,222916.99
Wheat,5.11,9240.58,596.91,64.7,12129.3,14.65,16989.23,3236.73,117000.77
Cotton,5.09,16993.51,739.0,145.1,13082.06,35.04,18974.13,2525.65,178191.24
Rice,3.14,6700.41,409.54,71.6,16898.51,10.98,10279.1,2536.21,94445.15
Maize,3.22,6394.53,459.72,43.8,8585.45,10.39,11958.58,2904.23,75858.59
Rice,1.99,4532.92,276.09,37.4,13104.32,8.42,7662.84,1735.37,63321.37
Wheat,15.44,24898.85,1621.52,188.1,38655.29,36.82,50665.11,6487.33,297090.36
Wheat,2.21,3988.23,219.43,26.3,6647.82,5.65,8907.63,2657.85,50394.64
Sugarcane,3.16,15595.92,744.05,113.4,18057.51,14.12,11555.34,2860.38,137329.11
Cotton,3.11,9989.29,367.96,91.4,9076.05,22.27,10633.67,1996.24,106159.18
Wheat,8.86,13513.64,1065.85,93.4,18981.59,22.2,30881.74,3680.4,163099.77
Wheat,4.09,7337.68,418.43,53.5,10292.49,10.87,14793.32,3174.08,88172.41
Sugarcane,11.15,43546.76,2598.35,363.3,90984.15,44.73,34297.83,7676.85,502596.76
Wheat,3.2,6566.83,382.79,39.0,7394.39,8.52,11742.41,2260.39,72729.63
Sugarcane,5.94,26428.64,1289.18,160.7,43015.74,31.34,20877.33,4254.64,250820.2
Sugarcane,2.88,11099.78,702.23,77.4,23927.92,12.25,11940.76,3066.36,124697.01
Wheat,19.97,34084.35,2561.97,216.2,49948.73,45.5,64104.77,7039.97,391168.95
Wheat,2.29,4186.33,289.57,25.3,5671.76,5.67,9925.5,1331.73,51499.26
Maize,6.06,11447.54,674.04,105.7,13811.46,18.9,20439.86,3526.31,139532.16
Rice,7.48,14804.92,1059.73,131.7,60820.28,29.82,25991.13,4597.99,230578.25
Rice,6.48,13686.96,944.85,137.9,40022.2,22.66,21619.54,4418.6,204279.54
Sugarcane,4.39,22296.15,1096.52,174.6,38628.94,20.62,16366.28,4048.83,219178.85
Maize,4.55,10011.82,549.56,81.4,10139.11,12.77,16408.53,3021.47,107820.65
Maize,5.1,10608.75,505.89,83.0,12867.91,11.69,17253.39,3012.02,115106.76
Sugarcane,4.5,20988.92,828.66,164.2,26018.32,22.59,18138.46,4213.3,184577.98
Rice,9.27,19952.89,1386.69,240.1,65222.11,45.62,33077.4,4696.66,301444.02
Wheat,20.84,39347.95,2719.69,261.3,59455.42,46.07,69003.59,8220.07,457494.38
Sugarcane,3.45,14557.02,709.52,114.3,19340.27,15.85,11343.47,2690.21,136629.34
Cotton,2.03,6707.57,262.18,74.6,5200.35,16.64,8070.26,1155.53,80331.08
Rice,4.68,10817.58,674.79,77.2,29874.77,12.07,17744.83,3053.43,131895.33
Maize,26.49,58266.92,2748.41,346.5,61593.15,87.77,72716.19,9544.53,512833.33
Wheat,2.94,5301.77,374.85,35.6,8505.3,7.27,11389.03,2423.33,66769.74
Rice,14.37,25345.23,1799.43,285.0,87784.23,57.53,44222.14,6555.88,423473.99
Wheat,14.74,24671.16,1885.62,156.3,27690.37,43.3,43983.4,5810.8,280907.29
Rice,3.46,7136.1,525.44,91.8,21438.33,15.27,14472.25,3002.03,118270.42
Wheat,7.17,13230.66,829.52,90.2,15922.42,18.04,26548.24,3654.49,162847.17
Wheat,14.27,24809.95,1672.33,175.5,35288.82,38.32,51715.93,6747.08,295976.8
Wheat,3.87,7122.72,533.58,38.6,11015.6,13.11,14200.64,2559.56,79909.38
Cotton,4.34,13548.99,678.55,148.3,12020.04,32.51,14547.88,1880.29,173038.54
Sugarcane,3.39,15554.14,800.0,107.8,29349.75,14.67,13317.84,2696.99,146789.75
Cotton,2.56,8703.75,342.51,82.5,8181.27,18.98,9573.21,2329.98,105450.69
Maize,3.25,6456.79,380.7,41.6,9254.13,12.65,12590.53,2960.21,78923.53
Rice,2.24,4137.32,365.33,62.9,15399.24,8.58,9093.1,2866.21,82169.61
Rice,5.06,11058.45,817.44,98.4,38289.59,26.21,18436.08,2952.94,171728.9
Maize,3.0,6414.18,284.18,40.2,6476.59,8.91,10583.68,2061.61,64566.7
Wheat,5.77,10006.54,715.87,70.9,9154.7,16.64,23134.38,3754.16,116888.63
Maize,1.8,3278.34,239.31,25.8,4656.51,4.76,7043.15,1988.19,44503.65
Wheat,6.14,11471.65,788.94,81.5,16101.79,12.18,21104.81,3466.48,133297.74
Maize,8.51,16388.29,1049.43,113.8,22482.74,25.66,28276.19,4471.54,176504.2
Wheat,1.36,2271.66,186.37,14.4,3451.6,3.14,6683.96,2031.19,32048.27
Maize,6.32,12349.98,652.3,74.3,14898.24,21.64,21895.21,3851.47,132323.34
Cotton,11.0,38353.59,1156.98,307.5,43531.18,88.25,38445.25,3491.79,396936.34
Maize,2.26,4685.11,253.91,30.5,5098.23,8.78,9070.58,1666.53,54008.12
Wheat,14.69,27248.7,2003.52,151.0,39254.8,36.12,46156.78,6467.7,299819.33
Cotton,6.5,19203.17,821.69,140.0,22380.06,49.26,21642.12,2309.22,202792.21
Maize,3.13,5692.01,379.73,33.8,7332.02,8.93,11108.72,1878.07,67774.99
Cotton,4.78,18285.05,616.32,115.1,15588.17,32.11,17867.63,2559.49,166545.37
Cotton,7.12,27223.7,880.81,220.8,22088.24,49.73,25958.04,3499.01,250180.52
Cotton,5.2,19524.99,658.96,135.4,15708.38,25.4,17497.29,2480.91,162854.33
Rice,7.03,14944.66,1120.02,166.2,44017.33,22.9,27257.85,4241.2,224168.75
Cotton,2.72,8096.96,378.52,78.3,8327.7,22.3,11472.95,2519.91,99397.47
Cotton,5.53,18948.24,719.03,131.4,16633.69,38.26,23367.44,2828.26,183562.64
Maize,1.98,4483.59,213.77,29.6,3900.91,5.87,7425.02,1499.92,47438.43
Wheat,4.61,7516.51,579.12,65.6,11182.93,7.41,17932.44,2602.44,102342.65
Rice,2.75,6002.41,404.83,63.9,17294.75,12.89,12548.52,2772.86,91679.37
Maize,3.07,5928.07,266.1,38.6,6501.99,10.05,11945.23,1804.52,69944.01
Maize,11.06,22666.55,1241.95,138.1,17723.97,36.35,40275.54,5506.43,229583.24
Rice,10.07,19437.59,1340.03,234.9,72310.4,42.47,29125.15,4319.61,313333.37
Cotton,7.36,29611.25,993.02,184.5,19342.23,49.84,25654.97,2897.56,245295.48
Rice,2.44,5355.88,415.93,57.2,14293.94,8.24,10460.37,2944.12,82982.12
Wheat,4.03,6478.24,475.17,43.5,9260.23,12.24,16263.6,3217.15,83561.3
Rice,10.9,24566.39,1515.44,202.3,65430.08,41.14,36177.57,5100.45,325181.89
Rice,5.43,12585.77,1013.14,127.9,32569.8,18.77,18909.18,2812.47,186922.26
Cotton,22.37,70183.59,3022.96,636.3,64253.23,192.07,69664.22,7001.14,786728.39
Wheat,6.4,11619.3,769.01,67.5,16192.87,11.04,23151.64,3423.08,123127.27
Maize,5.61,11163.1,646.89,86.3,11848.13,20.67,16820.55,2750.7,132062.35
Maize,4.05,7501.1,419.98,63.0,6717.28,10.91,13651.19,3299.06,76884.72
Cotton,5.4,18349.35,640.52,156.5,15609.66,39.19,21974.07,3099.3,187028.87
Cotton,4.49,18301.2,624.79,134.8,17140.2,38.23,15181.26,2899.27,171155.58
Rice,7.85,19447.23,1171.87,151.5,45651.35,32.97,24307.17,4892.63,226626.41
Sugarcane,9.22,39812.66,2304.68,294.4,87417.14,28.66,27428.23,6000.84,403332.82
Cotton,2.97,10346.3,386.17,83.1,7597.39,31.33,12100.21,2808.93,116458.83
Wheat,2.08,4308.3,266.6,27.1,4574.99,5.27,8332.26,2555.01,52517.04
Maize,1.5,2662.25,143.58,24.1,3582.45,3.81,6957.0,1856.41,37215.2
Sugarcane,6.89,35316.92,1640.24,207.4,53798.96,32.39,23042.08,4782.42,324011.75
Maize,2.42,4914.89,267.79,33.9,4916.52,7.2,10608.94,1369.67,57834.18
Sugarcane,1.22,5506.48,284.69,47.3,8546.95,4.8,5104.02,1540.19,56947.34
Cotton,6.38,23754.36,972.31,207.0,15705.36,51.99,22366.93,2320.75,247402.74
Rice,25.04,50743.49,4122.73,551.2,168483.64,92.08,77233.72,9468.75,750659.74
Maize,4.93,9707.28,582.68,72.5,10494.24,15.27,16902.91,2805.3,113344.56
Maize,8.54,20238.1,928.35,102.5,18292.68,24.39,29184.9,4371.09,173551.77
Wheat,5.22,8489.46,570.9,40.1,13902.82,17.07,19228.87,2840.64,104504.78
Wheat,4.64,9136.55,583.44,45.0,10759.25,16.32,16479.71,3135.6,99038.1
Rice,9.0,17709.0,1317.77,218.3,58099.43,36.76,31922.81,4236.64,286303.01
Sugarcane,4.1,20400.26,872.05,106.7,30056.15,18.89,15222.31,3049.49,155608.92
Maize,5.89,12828.55,643.29,80.9,12525.14,19.72,22462.26,3935.36,129953.26
Wheat,6.1,10768.92,677.18,66.2,15800.37,17.01,22329.0,3123.19,125772.43
Cotton,3.21,11846.03,355.35,94.9,11931.05,23.44,13722.69,2921.05,114215.76
Rice,9.44,23313.6,1256.5,177.6,62012.43,34.97,30606.97,4950.43,285285.26
Maize,4.42,7838.94,533.74,58.5,8102.29,15.95,19108.36,3040.56,107724.05
Sugarcane,3.03,13108.49,619.16,95.7,21628.78,11.46,12109.76,2764.38,125873.91
Sugarcane,7.02,31791.96,1593.96,209.0,57218.15,32.0,21279.79,4660.26,280499.58
Rice,2.76,6179.63,433.01,57.8,17159.68,11.35,10923.35,3007.92,99118.99
Rice,5.04,11378.06,692.86,129.5,40928.16,20.06,17697.94,3955.78,185100.54
Rice,4.92,10877.73,803.79,102.4,28904.58,16.88,15998.45,2655.7,149480.52
Wheat,10.03,15436.91,1089.17,71.3,24662.8,20.78,33953.97,4588.92,179578.92
Maize,6.74,14731.38,568.03,84.4,17469.39,16.23,26110.3,4172.29,144149.79
Sugarcane,4.87,23586.11,1155.94,153.7,33427.5,17.66,17998.69,3516.56,205926.54
Maize,8.43,16942.5,855.06,108.4,20470.74,25.86,30309.56,3845.79,185004.98
Maize,12.23,24527.18,1296.53,179.0,29084.4,33.29,37485.84,5370.22,274847.74
Cotton,7.12,26503.28,1015.76,180.9,23749.15,39.57,24744.66,2838.26,237046.09
Sugarcane,4.99,22269.14,1044.05,171.1,49266.28,26.34,19938.69,4227.05,211044.96
Maize,2.11,3912.57,240.39,29.1,5936.15,5.98,8480.84,2004.99,48879.49
Sugarcane,2.48,10254.55,564.09,83.3,18623.54,13.07,9147.12,2614.44,112260.22
Wheat,4.06,7458.39,500.81,46.7,10272.15,9.82,13112.7,2362.85,84458.86
Rice,3.33,6956.74,462.83,59.5,20437.01,15.49,12820.02,2876.4,100003.13
Wheat,4.39,8400.76,431.37,45.3,9514.69,11.31,17030.76,2702.45,95750.01
Maize,5.14,11715.79,606.26,63.8,11153.86,14.16,20618.98,2415.72,118350.56
Cotton,6.99,21814.49,761.14,217.9,22387.73,59.67,24793.84,3170.77,255683.44
Wheat,4.73,8978.75,621.33,59.4,11243.17,11.7,17552.97,2395.69,102768.08
Cotton,6.8,27782.04,887.49,232.7,18373.97,50.75,22533.71,2601.84,251231.9
Cotton,5.17,19539.54,715.22,127.7,14601.87,35.83,19203.25,2513.87,182270.38
Rice,1.37,2851.11,195.76,33.2,8632.23,5.68,6335.57,1794.32,46497.18
Wheat,2.69,4049.99,304.11,35.9,7361.15,7.65,9932.98,2063.61,59944.26
Cotton,4.51,16183.25,628.3,173.8,15220.1,33.95,15285.83,2220.34,188353.15
Cotton,2.26,7925.66,301.7,58.7,8723.27,16.47,9209.51,1885.53,83493.72
Sugarcane,7.32,34487.12,1428.11,223.3,56948.97,27.98,25843.8,5227.26,314678.57
Cotton,13.4,51353.13,1229.3,307.9,47739.43,102.79,39698.0,4634.82,456530.23
Maize,10.94,22417.76,1240.24,176.8,26328.57,34.67,30625.02,5257.91,251346.56
Cotton,4.31,13748.21,667.41,109.0,13353.31,27.95,19433.51,1909.86,151870.72
Cotton,13.05,46566.08,1626.76,371.8,40630.5,80.42,47467.14,4778.64,444927.79
Maize,5.46,10969.37,593.1,72.4,13660.14,16.75,20891.34,3332.31,121503.63
Rice,3.98,9606.74,596.12,88.5,30219.59,21.97,14377.7,3441.17,147018.1
Wheat,3.32,5255.43,376.22,41.2,9067.38,11.03,13737.97,1704.53,74335.02
Wheat,4.07,7794.82,517.18,41.2,10631.38,11.03,15408.74,3168.74,79587.37
Sugarcane,3.85,17069.58,829.57,110.5,25658.56,19.43,14818.23,4183.06,170765.18
Cotton,5.53,21802.32,659.37,163.5,14689.28,32.94,19892.01,3260.49,192832.03
Sugarcane,5.5,26089.19,1205.44,192.5,47016.7,27.07,19635.99,3980.19,269229.37
Wheat,4.96,7981.69,643.83,51.0,11448.56,11.25,18811.23,3186.01,99736.22
Wheat,6.58,12630.91,718.08,60.1,15397.85,14.56,23170.36,4036.14,131857.52
Wheat,10.74,19067.1,1141.29,115.1,22890.88,26.01,41072.59,4955.13,210754.14
Rice,9.18,18764.97,1290.96,167.2,64912.5,42.27,31330.05,4865.39,262944.11
Cotton,1.89,7554.34,256.42,56.2,4894.73,16.92,8377.74,1819.59,72574.29
Rice,1.0,2226.84,126.73,27.7,5448.79,3.81,4962.33,1678.96,36026.18
Rice,9.09,20800.54,1257.39,218.6,58375.13,36.61,35126.0,4100.77,310310.92
Maize,2.04,4897.78,214.27,34.7,4346.27,4.86,8339.48,1607.96,52257.82
Rice,4.28,10140.28,715.77,85.3,31270.67,15.78,15772.27,2625.24,137549.68
Cotton,2.32,9027.1,288.16,57.4,6138.71,18.65,10414.13,2203.07,86670.34
Sugarcane,1.54,7033.47,306.46,57.6,11222.2,4.03,7001.68,2154.65,70101.31
Rice,7.04,13841.31,977.61,158.9,45801.51,32.14,25113.52,4180.06,223644.56
Cotton,8.11,28278.66,1082.45,246.2,25956.56,54.68,31329.29,3885.75,286550.86
Maize,3.41,7043.91,420.66,46.1,7867.34,10.26,12127.31,1802.17,80348.36
Maize,1.0,2288.81,115.22,13.5,2075.12,2.17,4695.9,2437.13,25076.26
Wheat,3.47,7213.31,422.06,40.4,8468.82,8.11,14368.66,2669.34,79156.48
Maize,6.39,13203.5,781.82,103.4,12808.7,12.0,24806.94,2973.43,138352.68
Rice,1.89,3659.96,304.1,44.6,14620.86,6.66,8401.87,2699.99,66189.46
Rice,5.58,13715.1,841.12,116.6,30742.42,25.96,18340.38,3592.89,170515.76
Rice,4.9,11766.03,748.59,108.3,24319.48,13.12,17666.2,3756.12,148109.96
Maize,7.22,13008.92,889.19,107.2,17230.4,21.39,24698.92,3902.6,169696.06
Rice,5.35,10845.33,747.39,119.8,38107.42,25.0,21835.0,3911.71,174619.66
Rice,2.63,6186.19,444.8,74.1,17636.63,8.87,10257.64,3058.48,101215.08
Cotton,10.78,45132.81,1422.01,303.1,35331.1,87.28,35622.86,4343.68,396732.13
Wheat,4.47,7969.78,581.9,56.5,11362.6,12.14,16903.55,3274.19,102918.74
Wheat,4.87,9758.2,533.31,56.3,11513.62,10.04,17419.86,2175.41,101042.01
Wheat,2.7,5179.2,327.82,23.9,5354.12,6.99,10561.39,1536.21,52409.89
Wheat,3.71,6788.66,434.55,51.4,7625.09,8.23,15741.25,3167.01,83293.43
Wheat,2.79,4200.58,373.02,28.8,7432.48,7.78,11320.49,2079.33,63869.38
Wheat,4.43,8593.68,462.74,44.6,11844.37,10.97,15872.02,3007.27,89184.03
Cotton,15.07,48977.52,2111.12,414.3,41760.0,76.33,49537.06,4924.15,473334.5
Wheat,2.03,3837.97,236.31,26.1,4642.53,3.47,8235.65,2565.88,46946.57
Rice,1.74,3781.92,274.59,33.3,9725.44,7.81,7987.85,2416.35,56772.05
Maize,12.89,26784.84,1526.7,171.8,29483.64,39.16,44340.63,5686.1,272858.56
Rice,4.32,10225.5,728.53,111.0,26727.13,16.05,14919.04,2537.57,147915.54
Cotton,3.21,11051.27,360.98,103.5,11001.86,21.52,13121.66,1372.48,118696.49
Wheat,9.74,15343.42,1077.79,135.9,22248.66,23.99,36748.63,5174.22,201332.11
Wheat,3.34,5807.2,334.38,41.6,9624.44,8.7,12051.16,2097.21,70297.94
Wheat,16.23,27429.2,1932.57,180.8,34277.91,38.71,50316.84,6415.35,317730.18
Wheat,7.7,14235.62,912.14,88.1,18641.49,18.38,27940.64,3522.62,159161.33
Rice,3.61,8387.84,504.48,73.7,23836.6,12.59,12647.24,2787.89,110378.5
Wheat,20.13,35587.51,2483.73,213.4,52943.28,63.63,58036.59,8007.97,400718.06
Wheat,3.34,5604.5,387.43,32.7,8572.21,6.62,13304.23,1704.37,66641.94
Wheat,8.02,13294.37,1178.07,97.7,19681.26,24.31,31916.12,3483.93,165036.04
Rice,6.02,13918.97,928.59,124.5,31451.77,18.46,20870.27,4074.04,177308.44
Wheat,11.54,21880.5,1170.84,124.8,29876.73,31.16,42852.63,5609.62,224579.56
Rice,13.67,33934.37,2201.5,258.8,97474.77,53.62,50082.89,6132.66,423568.02
Cotton,5.06,20549.21,716.47,135.5,12668.7,37.84,18641.13,1897.27,183281.19
Cotton,3.04,10261.04,351.14,95.7,8376.49,23.31,12787.96,2033.18,109633.29
Wheat,6.68,9599.15,813.53,75.5,14742.2,12.44,22236.83,4305.91,136075.47
Sugarcane,3.19,14487.59,647.01,106.4,19943.59,14.11,12540.56,2968.8,137107.1
Cotton,18.33,67131.91,2453.35,488.8,45805.7,131.26,49281.39,6044.55,588189.34
Wheat,5.41,9791.87,660.24,62.9,13247.83,11.71,20538.52,3724.5,116681.78
Maize,3.91,7756.12,431.72,56.3,7788.52,12.53,14339.82,1996.31,84277.74
Maize,5.58,12170.83,636.25,86.5,13876.26,11.49,18245.52,3029.87,126566.76
Wheat,2.06,3665.98,254.67,28.5,4900.27,6.72,9802.0,1232.02,51372.26
Rice,2.63,4845.64,376.47,50.5,16461.06,10.34,11334.98,2135.84,82746.69
Sugarcane,10.81,51598.65,2484.76,423.7,85166.4,62.13,37662.86,7698.31,540680.73
Sugarcane,3.23,15141.81,723.86,108.2,16074.31,12.22,12823.55,3651.32,130982.97
Wheat,2.51,4724.2,331.15,34.1,7791.21,6.5,10310.71,1553.04,63416.8
Wheat,7.02,12340.95,762.73,81.2,15814.37,20.01,23009.66,3277.92,142202.31
Rice,10.7,25414.57,1697.38,214.9,65687.0,44.81,37428.41,5344.97,334863.17
Rice,7.9,18363.54,1268.19,159.2,51797.53,38.43,26687.21,4412.54,251587.58
Cotton,9.46,31258.98,1173.46,249.5,28860.79,68.65,32980.3,3292.31,311076.78
Rice,3.03,6596.13,357.28,64.1,21404.19,11.87,12073.59,3123.78,101693.37
Rice,1.97,3471.55,281.96,51.5,12073.48,7.3,8121.86,1828.68,66021.29
Sugarcane,13.14,59792.61,3046.16,436.4,107682.39,55.28,44851.92,7911.93,565083.01
Wheat,4.02,7401.78,473.3,52.6,8205.09,7.8,15328.62,2120.63,80333.27
Rice,4.21,10149.26,549.8,100.5,32187.27,17.8,15570.97,2611.77,139191.47
Sugarcane,11.74,51563.38,2385.61,404.6,77578.13,63.37,33383.69,8014.21,468212.45
Maize,7.11,14030.29,698.73,105.7,14270.12,20.17,24928.92,3843.98,150080.53
Cotton,6.66,22186.2,924.11,174.9,16386.43,63.34,22747.13,3370.37,215909.54
Cotton,20.23,69430.15,2652.81,448.1,68084.83,166.56,58432.28,6517.52,671721.23
Wheat,3.26,5552.35,404.36,31.2,8548.13,10.54,11664.83,2016.95,70486.22
Rice,9.05,20139.72,1197.31,213.6,71002.05,38.89,33126.39,5256.54,302445.43
Cotton,5.14,20099.97,662.44,138.0,13415.26,36.9,17275.7,2103.14,169934.15
Wheat,5.9,10081.83,900.8,73.7,16015.1,13.03,22026.56,3530.06,135816.94
Rice,13.38,30635.84,1969.4,320.5,84754.93,53.78,43393.39,6167.2,440105.6
Rice,6.89,15430.78,974.44,163.3,46831.26,33.95,24456.24,3527.48,235680.7
Wheat,7.03,14095.5,962.87,81.1,17868.83,20.5,21734.03,4279.7,147130.02
Rice,9.95,21040.03,1448.72,196.9,68802.28,29.17,38066.15,4107.06,286768.71
Wheat,3.91,6630.83,486.4,41.6,11823.63,11.28,15675.48,2977.8,86287.15
Rice,2.87,6494.8,417.34,60.7,18591.02,10.79,11968.16,2458.42,96820.34
Wheat,2.51,4505.37,273.87,31.7,5970.31,5.12,9449.84,2321.69,54772.56
Maize,1.38,2896.91,144.75,21.1,3115.46,3.28,6701.0,1161.71,33642.79
Cotton,18.85,76234.18,2102.56,484.6,59534.43,158.91,57026.49,6129.96,630141.44
Cotton,2.42,8104.17,264.72,72.0,8226.54,16.48,10075.77,1698.91,85846.95
Sugarcane,4.29,20511.73,948.74,165.4,31397.32,20.41,15949.22,4392.25,193302.66
Rice,4.14,9246.9,598.91,93.1,26390.04,14.84,16837.42,3651.37,141800.22
Wheat,6.05,9271.06,689.14,52.4,15182.39,15.74,24397.68,3877.43,122120.05
Cotton,8.42,27306.48,1204.31,214.6,32506.1,59.79,28487.13,4311.52,274077.49
Cotton,8.67,34315.29,1209.06,234.1,33287.73,62.41,32942.0,3015.52,319826.9
Sugarcane,3.39,15497.18,608.25,105.7,24190.34,10.73,11945.69,3877.03,130358.12
Rice,4.44,11212.0,745.29,93.2,27458.46,20.5,19034.87,3056.54,150186.19
Wheat,5.95,11609.98,680.74,65.5,15539.32,16.15,19621.57,2986.37,125764.61
Rice,4.21,8306.53,612.46,94.2,25480.69,18.82,15044.43,3697.03,133342.32
Rice,14.08,34032.44,2585.77,250.3,89502.6,59.17,53775.99,5933.24,423853.49
Cotton,6.82,25673.98,1009.89,194.9,22094.75,43.58,25067.38,3084.79,227536.21
Cotton,7.99,28673.38,1135.59,258.1,25003.98,53.48,26841.65,3599.04,275913.77
Rice,7.62,17310.76,1209.41,121.4,54275.97,34.49,25874.9,3299.49,230831.05
Maize,10.62,20304.21,1182.73,157.2,21330.13,31.16,38425.27,5033.52,230449.4
Cotton,5.57,20257.22,770.13,142.5,13817.36,38.95,20775.85,2415.09,174976.68
Wheat,2.13,4141.42,270.62,21.2,5490.52,5.33,8545.22,2232.78,44860.49
Wheat,6.42,11485.52,885.72,69.1,15586.36,11.95,23499.38,3631.38,128654.84
Wheat,3.24,5729.33,389.88,38.6,8774.33,8.95,13892.14,2597.2,73415.17
Wheat,3.51,6291.74,433.05,39.7,9014.06,8.0,14744.17,1813.07,77931.0
Wheat,7.25,12361.49,1013.62,93.7,17542.62,11.5,21985.74,4121.0,140433.93
Wheat,11.08,19915.07,1368.6,132.9,26696.82,38.21,36152.17,4293.03,237400.91
Rice,5.02,11246.13,756.04,84.7,35663.25,24.56,16754.45,2916.9,152734.94
Wheat,6.05,11286.14,721.2,72.6,13190.57,16.47,20591.02,3823.59,130769.39
Maize,14.98,29965.91,1717.92,172.3,28388.72,36.29,45984.44,6808.74,293551.02
Wheat,5.79,9743.19,613.84,55.6,14801.45,15.72,21904.68,2730.86,115048.31
Cotton,26.87,92545.01,3591.61,653.0,72146.82,174.7,66139.32,7847.57,814772.93
Rice,7.15,16904.17,1079.31,164.5,36582.66,11.77,25667.48,3868.92,215282.01
Maize,1.58,2873.8,176.8,23.2,3530.97,4.85,7522.85,1241.78,40952.62
Wheat,8.08,12723.12,911.34,102.2,21012.81,20.75,25784.12,4454.39,174288.04
Rice,6.35,13550.65,937.64,155.7,33641.0,27.76,19722.92,4405.05,193827.38
Maize,11.45,23605.71,1400.65,148.7,25811.14,34.94,37909.76,5417.63,241353.6
Maize,7.67,14676.86,633.98,90.4,15175.88,21.15,25138.11,3471.16,152674.7
Sugarcane,4.53,22056.2,1113.06,136.4,28991.42,17.0,18528.28,3162.62,187168.01
Rice,2.23,4847.9,318.34,40.9,15524.23,9.68,8760.45,1513.41,74331.53
Wheat,4.32,8106.2,462.77,51.4,10761.42,11.32,16243.23,2257.63,89106.38
Cotton,2.85,8213.36,369.08,81.0,8484.4,21.81,11607.13,2011.99,102048.08
Maize,3.4,7096.19,333.07,46.0,7178.84,10.59,11965.74,2701.98,73752.68
Cotton,7.26,24418.31,964.93,176.0,26290.88,65.73,25346.37,2699.37,271363.62
Cotton,14.66,57259.07,2175.29,390.4,52360.91,98.11,49882.07,5430.58,517617.61
Rice,6.4,13345.56,954.34,137.1,42806.77,21.88,22268.79,3710.2,202496.44
Sugarcane,2.28,9680.89,459.16,85.1,15617.74,10.35,9417.55,3131.12,109105.06
Wheat,6.61,9937.42,657.86,80.8,11610.06,11.46,25618.73,3405.94,122541.12
Rice,10.78,24198.15,1729.71,234.9,61370.69,47.33,37234.77,5889.1,334399.96
Rice,3.33,7802.94,495.94,86.9,26256.46,13.93,13527.07,3036.9,119538.07
Cotton,4.54,15019.89,486.33,117.6,13649.83,36.74,17132.99,2350.85,153777.46
Wheat,5.0,8371.51,601.07,56.9,11500.06,14.07,20664.87,3300.83,107427.12
Wheat,2.97,5055.82,345.51,32.6,7523.38,8.76,10977.34,2039.58,62863.07
Cotton,7.55,30351.7,992.1,167.5,24788.96,62.19,27444.19,3157.2,260704.98
Rice,4.58,10693.0,788.52,101.4,28858.37,13.64,16832.62,3393.4,146717.66
Cotton,6.51,26085.32,768.01,166.5,22034.85,41.59,21187.41,2421.09,214289.53
Wheat,2.78,4672.42,337.61,34.7,7124.88,7.43,11367.31,2347.46,61716.26
Rice,3.73,7725.76,471.98,78.7,26416.27,15.27,15033.5,2902.79,121641.84
Cotton,7.92,29003.93,993.3,201.7,21948.56,68.2,28485.6,3194.41,257330.62
Wheat,3.89,8040.78,531.01,49.0,12235.34,10.85,14496.85,2421.43,88827.97
Rice,15.22,26899.25,2059.09,305.1,117914.15,67.03,49507.25,6158.08,449172.8
Wheat,3.82,6362.23,480.82,42.0,9432.49,10.32,16724.33,2495.56,83380.95
Wheat,5.73,10680.84,717.43,60.8,12394.71,19.7,19841.85,2790.18,119942.51
Maize,9.08,18907.84,881.19,122.0,17244.48,27.91,32604.58,3799.74,184346.51
Rice,1.97,3920.23,241.33,48.2,10813.49,7.67,8724.28,1608.31,64100.32
Sugarcane,1.58,6448.16,353.55,54.3,9658.02,7.21,7420.5,2235.63,72732.75
Rice,1.84,3564.45,271.34,41.5,11813.53,4.63,8117.73,2042.81,63397.41
Cotton,11.25,43626.27,1419.12,328.7,44638.95,71.03,39037.16,3881.05,437667.33
Sugarcane,3.46,13979.26,678.75,122.3,32541.72,13.62,13006.5,3226.43,158893.76
Cotton,26.12,101322.89,2566.01,657.9,77840.51,200.18,81485.46,7603.09,802139.23
Rice,3.43,8087.2,373.51,84.7,23689.5,16.43,12976.86,2718.32,113945.51
Rice,5.58,11307.3,768.6,132.1,37507.76,15.84,20703.45,2653.7,180950.48
Rice,13.5,33705.23,1894.14,261.0,93179.91,67.14,41769.05,6352.52,406382.11
Maize,18.25,38203.45,1825.33,232.9,39049.94,59.81,55982.53,6431.23,374256.64
Sugarcane,18.92,90341.5,4329.2,568.9,139776.3,83.25,60130.72,10277.04,809403.08
Maize,10.86,22415.91,915.34,162.6,24066.28,34.31,37815.3,4137.86,218338.46
Wheat,9.64,16130.81,1136.64,111.5,23315.41,15.58,36840.49,4687.53,191710.8
Sugarcane,7.28,35848.09,1429.74,259.7,56860.01,32.97,27116.25,4967.26,327884.15
Maize,8.21,15561.24,985.77,126.4,14445.16,28.82,33089.19,4663.82,195308.52
Wheat,3.46,6258.69,462.99,43.0,9676.21,9.23,13236.54,1953.39,79032.71
Wheat,2.91,4893.68,405.89,32.2,6290.88,6.78,9741.09,1784.28,58299.63
Sugarcane,4.94,25019.72,1031.36,156.5,33085.7,22.42,20927.3,3881.55,206708.92
Cotton,4.43,16059.45,533.81,124.9,12062.36,28.52,17283.35,2827.85,149179.28
Sugarcane,3.69,14648.17,818.77,127.4,32700.47,18.54,13184.21,2568.26,172881.93
Wheat,7.79,12987.94,944.15,86.2,19158.72,15.88,26163.17,4003.84,150111.48
Sugarcane,9.22,43288.65,2209.01,337.7,55112.26,37.29,29083.17,5353.85,394230.66
Wheat,5.25,9131.28,695.84,62.2,11943.71,15.4,19395.46,3790.26,117133.52
Wheat,12.94,25738.01,1586.67,157.6,31533.6,33.34,43586.31,5027.52,257458.33
Wheat,2.36,4104.42,312.3,29.0,5866.12,6.12,9728.68,2021.79,55594.09
Sugarcane,4.37,19261.17,1062.82,166.6,28147.18,23.35,16633.65,3542.43,196263.7
Cotton,3.11,10581.02,370.11,83.0,9105.55,20.46,13168.14,2499.53,104076.92
Cotton,1.47,5075.33,221.06,44.5,4940.26,7.82,6272.25,2445.21,56321.61
Rice,4.69,10117.93,771.19,88.8,27654.36,15.92,17414.18,3082.43,143517.59
Maize,4.58,8083.06,523.06,71.0,10876.11,18.19,14376.9,2797.16,104927.93
Rice,13.25,28928.17,1706.85,277.6,96110.05,44.03,47481.21,6274.66,391903.21
Sugarcane,7.46,30341.46,1658.14,191.9,54319.83,38.9,27381.64,4917.32,278456.02
Rice,2.55,4793.61,453.97,46.1,16941.21,10.31,8136.66,2988.39,75651.46
Rice,16.53,32689.73,2113.95,292.1,93361.82,70.03,53231.3,7191.55,459368.37
Rice,10.95,28522.5,1405.76,262.9,76781.37,40.65,41351.18,5201.33,344319.42
Rice,7.23,14992.11,1105.55,129.6,43515.87,28.81,22868.13,3959.64,210297.66
Sugarcane,4.28,19874.34,906.76,141.7,30671.17,19.03,17002.93,2908.75,181617.65
Cotton,2.65,10400.47,318.97,80.7,7744.26,18.93,10451.81,2122.17,96522.54
Wheat,3.89,6888.11,519.18,53.4,8931.26,9.99,15024.2,2170.14,90697.23
Maize,10.05,19121.6,1204.13,137.1,21328.07,24.64,32501.0,4974.05,216313.14
Rice,16.86,36107.49,2142.42,352.3,94924.0,59.42,47340.29,7245.1,488868.37
Cotton,13.51,47929.58,1759.04,363.1,37542.74,112.92,47729.79,4287.49,474551.77
Maize,3.6,8025.98,360.89,53.5,6799.88,13.07,13994.35,2258.81,83964.0
Cotton,2.39,8757.36,291.92,53.7,7163.06,16.94,9833.62,2662.07,80876.83
Wheat,5.43,9633.54,702.37,51.4,12190.03,10.24,19274.91,2946.11,103573.05
Maize,1.57,3222.55,186.7,26.4,3917.6,4.83,6793.32,1921.44,43243.43
Cotton,6.11,23030.97,738.18,166.5,17454.85,44.57,20872.82,3019.11,209065.53
Rice,4.5,9853.09,670.05,97.6,38090.69,22.81,15780.19,2998.92,153953.58
Wheat,3.66,6358.71,374.29,31.3,7932.87,6.99,14293.81,1811.65,66404.39
Sugarcane,1.76,7270.39,345.54,66.4,15631.14,5.47,7402.72,1720.09,79063.4
Cotton,6.92,21136.18,885.2,194.4,25065.9,34.4,22172.79,3222.17,244150.26
Cotton,3.5,11629.5,461.06,119.0,14132.03,24.81,15458.56,2516.53,143891.57
Maize,2.32,4056.39,247.35,33.6,5149.87,5.66,8355.14,1669.43,51059.52
Sugarcane,1.0,4872.11,232.46,33.5,7360.46,4.61,4361.62,2599.06,49650.76
Wheat,4.87,8367.81,614.35,59.0,12239.14,13.87,16953.05,2956.49,105995.75
Rice,15.67,36891.43,1538.58,314.6,103659.52,53.63,47864.12,6394.37,437870.56
Wheat,14.58,29258.61,1799.39,151.3,35352.85,45.45,45669.23,5568.78,294043.4
Sugarcane,3.68,16430.99,865.07,139.8,26414.41,17.43,13584.2,2610.49,168565.91
Wheat,3.35,5613.0,429.85,38.6,7986.57,7.35,12157.99,1862.1,69548.77
Cotton,6.72,24147.55,813.74,181.2,19255.77,50.24,26535.39,2623.89,238583.95
Sugarcane,2.59,12978.14,458.71,96.6,21718.09,9.31,9703.27,2359.15,112332.41
Maize,6.03,12862.97,710.18,68.6,14032.42,19.0,23028.77,3844.11,132175.93
Rice,8.15,15763.27,1138.42,158.0,50595.0,28.07,26945.71,4366.77,240619.33
Sugarcane,11.0,49193.29,2795.78,293.4,81906.99,37.45,29449.71,6383.19,424103.52
Wheat,4.64,8375.63,496.29,49.4,10899.95,9.78,16857.15,3295.22,90097.77
Sugarcane,4.34,18703.12,961.35,167.5,26018.44,17.17,14842.57,4200.41,197705.19
Wheat,2.8,4735.4,411.03,30.4,7861.91,7.89,11340.05,2126.98,63870.54
Rice,2.89,6683.62,524.35,59.2,18161.82,10.79,11583.11,1629.06,95976.48
Sugarcane,4.28,19841.74,924.46,178.8,33999.79,16.46,16274.99,4337.22,204564.51
Wheat,6.29,12452.13,806.89,71.3,16788.01,14.7,22834.79,3997.84,138990.67
Wheat,8.97,16020.26,1160.23,95.5,21287.87,18.01,31245.11,3407.64,181551.01
Sugarcane,2.94,12190.47,620.7,119.7,20757.02,12.7,10971.38,3556.1,135118.48
Sugarcane,13.07,57994.21,2660.48,359.2,113410.58,63.71,36760.29,8733.99,538957.05
Cotton,4.15,15208.61,561.86,96.5,12910.41,30.29,14960.83,2130.73,135181.44
Cotton,4.88,16856.72,562.52,129.7,17630.5,36.58,19122.26,2464.56,177912.78
Cotton,3.05,10921.88,388.58,91.6,9781.71,31.68,11727.15,2644.65,121713.57
Rice,1.02,2031.95,143.47,17.5,7431.26,4.86,4941.6,2420.1,37110.4
Rice,8.8,15488.8,1369.79,162.2,53137.73,34.0,33953.74,4585.64,262260.35
Wheat,8.0,14654.41,955.89,59.6,23851.36,21.47,28448.91,4777.54,152032.81
Maize,4.13,7560.85,509.76,68.4,8699.26,10.95,13903.22,3227.87,96579.74
Cotton,5.17,18660.93,646.37,139.0,17515.22,41.34,18735.04,3064.42,180086.21
Rice,6.93,16483.85,1143.71,134.9,47993.15,20.38,25831.88,3154.72,208135.38
Rice,1.79,3635.76,236.76,36.5,11379.63,5.91,8453.72,2334.44,59671.27
Maize,3.51,6575.8,327.3,37.0,9438.41,10.06,12309.49,1726.86,70748.53
Wheat,8.3,12618.24,1231.02,121.5,21219.25,16.8,30860.26,3470.92,186389.01
Cotton,2.19,7463.45,313.82,62.9,7233.97,15.16,9026.49,1868.99,77756.21
Cotton,5.99,23294.93,821.41,178.8,15197.43,43.84,20981.12,2288.23,201258.71
Cotton,2.05,6011.33,235.43,69.5,6546.2,13.71,9030.86,2071.76,80258.87
Wheat,6.71,12567.49,894.73,88.1,16519.03,18.39,22994.55,3330.8,148334.48
Maize,4.84,9899.63,670.92,83.3,12288.37,20.74,16465.66,3631.29,124194.59
Maize,1.73,3505.24,192.75,23.4,4325.68,4.91,7587.55,1158.01,42434.01
Cotton,10.56,39347.39,1339.3,296.9,33258.8,69.65,35035.24,4708.51,366899.35
Cotton,3.07,8638.77,399.31,80.0,8570.55,21.11,11465.7,1729.23,107923.47
Maize,2.93,6338.64,303.24,49.9,6094.42,9.05,11838.26,1930.33,72489.41
Sugarcane,5.64,26245.27,1119.15,241.0,40591.7,24.21,19789.1,3749.89,277730.13
Wheat,10.45,18312.32,1172.02,124.3,26291.28,25.35,35649.04,5382.6,202932.29
Cotton,2.56,8994.4,317.92,72.6,8226.7,17.12,8639.9,1739.7,85147.28
Cotton,5.16,18079.09,555.45,135.2,15087.28,37.18,19260.89,2426.23,168570.56
Rice,6.55,14848.66,1050.36,141.8,50768.31,28.01,24924.9,3289.26,225824.11
Sugarcane,7.77,36135.82,1485.84,305.8,58779.46,47.11,28731.08,4593.35,357129.24
Maize,5.55,11199.44,582.62,73.1,14179.65,20.11,20463.53,3379.86,127489.77
Maize,3.9,7855.14,514.53,56.4,8330.92,10.28,15582.78,1924.14,90978.32
Rice,2.89,6127.45,507.99,53.0,21611.17,10.23,9860.02,1796.24,103138.88
Wheat,5.24,9253.35,622.29,51.8,12973.39,13.68,17287.63,2402.21,103973.64
Maize,2.47,4394.37,282.9,36.3,3876.49,6.48,9472.22,1470.58,53335.17
Sugarcane,1.0,4463.7,210.02,37.0,8236.56,4.24,4730.38,1227.29,51647.92
Wheat,6.58,11235.57,629.58,80.0,16940.63,16.53,22116.67,2770.82,134567.44
Maize,8.91,18076.98,941.09,122.9,18325.89,21.2,30412.76,4131.56,187115.2
Maize,1.07,1766.82,117.03,11.9,2012.68,3.12,5619.12,1851.75,26726.02
Cotton,2.57,8975.24,294.21,60.7,7014.73,20.37,9830.07,1724.72,91368.94
Cotton,7.41,25092.85,926.52,213.9,24956.9,50.76,22739.84,3390.73,250825.65
Rice,18.87,45729.12,2904.55,392.9,104268.96,71.52,57820.22,8656.24,556538.11
Wheat,5.02,8765.19,573.47,54.6,12514.77,8.06,16772.4,3481.54,94628.83
Rice,3.09,8339.18,447.12,65.2,22258.98,10.94,12412.25,2723.92,103660.45
Sugarcane,4.4,21677.05,1070.75,168.8,33372.52,17.81,14581.94,4157.6,198540.45
Wheat,12.11,23525.95,1151.08,139.8,33517.01,24.47,37698.67,5619.36,220675.78
Rice,3.25,7705.61,555.51,83.5,21599.06,14.22,13880.15,3053.74,113700.96
Rice,2.95,6616.14,346.49,69.4,18637.6,15.17,12004.43,2784.38,94331.6
Cotton,3.62,13155.37,418.08,101.6,9995.22,22.32,15495.56,2290.01,125248.11
Maize,2.67,5800.78,299.72,35.7,5541.77,6.79,11505.02,1710.67,59427.68
Rice,5.36,11501.84,726.19,122.5,29982.95,28.94,21450.07,4123.24,172665.75
Rice,14.24,29790.09,2151.51,268.5,96256.7,40.65,49993.25,5652.88,448399.91
Sugarcane,6.11,28545.5,1220.9,198.2,45998.71,26.05,23414.1,5235.81,243976.05
Rice,4.2,7550.91,570.21,91.8,27711.17,13.24,12809.55,3397.14,131214.99
Wheat,4.1,7350.79,479.61,47.0,10998.44,10.81,15341.88,2199.72,86318.6
Rice,1.79,4222.4,268.09,37.3,9602.25,9.42,8066.13,2128.4,62656.13
Wheat,8.79,16483.29,1007.48,90.2,20415.96,27.08,28560.94,4892.32,179792.14
Wheat,4.71,5929.56,593.65,45.5,9135.91,8.26,14535.29,2083.35,81796.73
Rice,4.4,11191.57,665.14,108.1,30339.94,20.54,12792.06,3544.79,142700.62
Rice,32.0,73409.19,4245.69,582.2,176813.07,115.46,101412.01,13151.59,916361.72
Maize,6.01,11290.47,702.25,92.6,13065.54,23.44,21599.27,3437.59,145206.37
Rice,3.04,7172.97,460.7,63.7,17401.06,11.75,10715.39,2304.83,100147.92
Cotton,3.75,12959.84,513.44,90.3,15521.91,32.08,14021.07,2259.92,133617.31
Cotton,10.45,35345.71,1213.2,269.8,36093.41,67.74,34419.21,4146.36,350315.12
Wheat,5.33,8883.09,622.86,57.8,15300.46,13.51,22005.31,3545.75,112262.68
Cotton,1.94,6916.63,226.07,52.6,8364.42,14.81,7867.37,2617.09,72869.08
Wheat,9.0,14345.28,1072.44,98.8,20225.8,22.23,29199.56,4223.97,178456.81
Maize,3.21,5534.86,374.22,46.0,7369.21,11.25,12512.43,2744.75,73088.46
Wheat,16.74,34300.58,1709.27,184.1,42021.47,38.63,50314.55,6070.85,315409.1
Rice,9.99,23517.93,1698.05,192.7,76034.6,38.58,35640.22,5556.96,309222.21
Wheat,3.7,7045.21,498.96,37.7,10162.33,11.58,14064.26,2645.11,85570.85
Maize,11.39,22608.38,1257.86,172.0,22323.55,37.31,34262.08,5636.43,236548.66
Cotton,5.18,15241.77,659.03,149.2,16878.88,46.03,19530.2,2579.96,194689.64
Cotton,8.62,33232.81,998.71,237.9,20876.84,57.25,32227.41,4057.89,281226.59
Wheat,6.79,11873.5,690.53,76.9,16353.09,17.74,22772.82,2730.92,131243.3
Sugarcane,2.86,12900.9,591.53,96.0,25609.85,10.9,9342.51,2192.78,125721.04
Wheat,3.26,5065.18,431.77,41.4,6934.47,5.38,11681.77,2493.81,69289.67
Maize,9.67,18634.36,1178.28,131.6,25694.97,21.67,33860.67,4865.39,210847.79
Wheat,3.98,7240.76,448.39,44.0,10038.22,13.59,15334.7,2193.85,82736.45
Wheat,3.81,6392.6,414.07,39.9,10176.4,10.76,16311.48,3408.39,84736.07
Wheat,2.66,5560.89,320.6,33.7,5492.17,5.83,9674.02,2019.4,57909.74
Rice,6.52,12837.07,923.87,146.7,43871.69,24.28,23568.92,4039.27,203739.78
Cotton,18.93,68572.62,2840.89,502.0,40894.38,147.57,50733.75,7026.82,637030.13
Wheat,2.47,4288.88,359.6,31.6,4198.29,6.99,9935.56,1948.93,58498.02
Sugarcane,5.03,27245.4,1296.08,160.9,31155.85,21.26,17025.08,4553.29,198129.07
Rice,12.4,25656.21,1566.53,317.2,65453.35,68.84,42318.06,5333.14,397839.0
Cotton,4.7,17757.08,566.55,138.3,15423.93,32.1,18048.83,3164.78,183378.08
Rice,6.65,13993.79,907.76,131.7,36224.37,28.96,20495.88,4216.65,185224.54
Rice,2.48,5598.69,368.23,53.2,17686.6,12.41,10191.19,2608.33,84472.54
Cotton,6.54,25805.16,868.0,180.3,22351.0,39.7,20304.01,2863.98,223392.21
Wheat,4.39,8121.19,509.05,54.6,12927.89,12.14,17354.1,2036.97,97546.61
Wheat,9.4,16894.68,1142.81,116.1,24175.52,30.18,31334.74,3609.05,206140.83
Maize,10.72,23559.89,940.99,152.1,19874.77,32.12,34885.8,5052.79,223661.11
Maize,26.66,56315.27,3143.19,322.4,57849.78,79.85,68228.7,10111.39,533281.09
Rice,7.22,16508.86,1165.68,144.7,49760.3,27.46,26778.47,3064.0,223725.38
Rice,6.12,14382.02,742.1,114.4,40434.62,29.64,23617.34,3043.88,189971.31
Cotton,5.62,18756.53,802.93,131.7,15591.2,44.47,22866.53,3523.92,185645.83
Rice,3.94,6939.01,509.9,73.6,22416.5,17.37,15241.17,2896.05,119381.9
Wheat,6.17,11315.07,744.58,85.2,16650.93,13.83,21877.98,3864.96,131828.81
Wheat,4.09,6137.83,461.38,37.5,11350.54,7.23,13682.4,2663.32,77830.96
Sugarcane,5.53,22042.0,1106.12,198.4,46815.91,25.86,21267.04,4652.17,249497.6
Cotton,11.66,40782.49,1607.38,309.7,39116.13,71.66,40115.38,4683.91,380477.41
Wheat,2.57,4113.1,308.2,22.5,7373.83,7.6,9982.82,2009.88,55962.11
Wheat,10.39,19585.73,1195.51,85.1,24141.09,22.52,35729.9,5101.99,186205.65
Wheat,11.66,24852.6,1292.43,147.7,27775.98,24.4,38829.34,5631.17,243744.24
Cotton,4.59,16859.62,581.91,119.1,14185.33,37.17,17603.52,2832.66,166158.41
Wheat,1.25,2021.0,160.7,11.4,3091.5,3.65,5626.5,2492.67,29618.16
Wheat,3.34,5600.61,404.36,31.9,7457.62,7.78,13906.87,2572.16,66027.97
Sugarcane,11.51,60316.67,2412.97,409.6,94293.3,50.71,39977.89,6747.99,491819.53
Wheat,4.88,8615.52,589.78,55.7,14444.18,13.68,16811.59,2622.53,104177.23
Cotton,2.59,10290.08,350.33,64.4,7610.8,21.41,11169.83,2460.25,97581.73
Wheat,3.57,6246.85,447.89,32.6,6884.33,6.63,14043.13,2941.47,69518.69
Wheat,8.55,13916.85,776.67,93.9,21191.38,18.54,29720.04,4672.7,159809.27
Wheat,7.07,11874.69,807.5,86.8,19279.6,15.75,26447.77,3196.4,140580.44
Sugarcane,4.24,18091.42,902.02,104.0,31046.89,21.73,16533.66,3641.68,161673.07
Maize,3.9,8182.33,403.98,59.6,9399.83,11.99,15824.62,1796.57,91389.21
Sugarcane,3.84,18023.7,764.3,118.5,29013.36,17.73,12488.62,3988.54,157501.76
Rice,2.72,5523.31,329.72,47.8,17901.43,10.01,10172.79,3092.53,81153.76
Cotton,14.15,58212.43,1809.07,309.5,42556.8,118.18,48016.03,5724.64,439177.03
Wheat,4.02,7938.19,390.06,39.2,10595.59,10.4,14709.25,3246.4,81268.16
Rice,10.93,22209.14,1386.89,194.0,78414.28,41.62,34592.11,5349.37,314894.92
Maize,13.31,23745.8,1437.76,168.4,31603.68,41.33,42067.37,6483.34,259439.07
Wheat,9.48,15898.3,1360.8,98.1,20306.03,24.84,31873.56,4853.19,186760.42
Wheat,3.74,6076.76,448.04,38.4,9924.66,7.01,11842.02,1862.75,73595.67
Wheat,6.44,13007.35,832.11,88.1,14077.93,16.87,23163.22,2744.26,136030.48
Wheat,4.88,8043.84,490.88,59.9,12439.62,11.65,17302.9,2242.66,103643.57
Wheat,2.75,5227.44,334.07,28.3,5691.47,6.98,10475.38,2614.93,55843.13
Cotton,6.12,22828.51,780.57,171.8,21403.38,42.73,21130.08,2948.35,213678.83
Rice,2.3,4916.61,373.92,49.1,14844.29,9.87,10828.92,2034.96,80850.38
Maize,10.72,19710.77,1199.38,104.9,26904.33,32.16,31113.52,4683.98,201838.48
Sugarcane,3.66,15338.04,746.86,120.9,26571.99,14.86,13126.83,4025.45,158119.38
Rice,5.64,12699.86,874.3,124.0,35508.9,22.42,19696.77,3201.01,178818.02
Rice,5.95,11935.17,853.69,135.1,37050.79,17.83,20530.14,3614.19,178847.23
Rice,4.19,10709.8,607.51,81.8,24382.06,15.62,16390.6,2876.69,130808.01
Cotton,7.25,22745.41,990.13,168.3,27116.55,47.66,31487.33,3081.19,244647.05
Rice,3.64,8748.06,525.57,82.3,24934.73,12.44,14279.8,2502.3,127691.38
Cotton,8.73,31617.6,1190.4,280.8,29815.85,69.41,30511.28,2794.74,318086.13
Rice,2.06,4486.73,276.24,36.2,13859.14,8.27,8584.24,2470.12,67909.18
Cotton,5.38,20973.09,759.16,156.2,16475.28,31.57,19209.05,3454.25,185409.44
Rice,17.47,42381.08,2389.46,340.4,108648.85,79.67,57033.74,6972.77,563074.06
Rice,2.59,6310.96,413.8,59.4,18080.24,9.74,10335.25,2068.7,88545.85
Maize,3.19,6287.26,368.09,44.3,6551.33,8.47,12471.84,1956.18,72631.1
Sugarcane,6.92,32332.49,1546.16,253.1,42077.01,26.97,27491.21,5567.49,299328.0
Wheat,5.57,10797.09,672.09,60.3,13372.41,9.69,19594.29,2669.47,107406.32
Maize,6.22,12948.22,748.44,78.1,11494.75,27.85,23575.64,4068.65,131177.38
Rice,6.81,13916.04,1072.79,147.5,43614.23,23.21,24072.05,4562.43,219750.91
Maize,7.48,15935.07,797.65,101.4,17261.45,16.52,27317.16,3836.94,158563.1
Sugarcane,10.19,40746.95,2602.15,399.6,64398.57,33.05,34005.6,7485.03,438554.19
Rice,6.46,12582.69,1181.37,118.0,43099.19,19.09,22208.09,3011.08,201949.56
Wheat,4.23,8827.01,599.83,51.6,10775.45,9.73,16716.38,3231.19,99388.43
Rice,7.67,13117.23,1140.47,184.5,41695.52,32.52,25227.46,4911.0,230285.19
Cotton,17.03,61421.51,2139.71,452.5,60875.11,108.58,48742.38,6478.44,569330.6
Cotton,4.54,15085.29,552.8,90.6,17329.61,42.2,15479.99,2865.5,147066.99
Rice,2.63,6577.5,345.72,59.8,20699.46,11.74,9642.94,2631.84,93840.23
Wheat,10.17,18545.08,1041.26,122.2,22068.47,29.01,32317.74,5093.81,204712.46
Sugarcane,4.58,19763.18,959.64,169.4,29694.2,18.3,16950.39,4042.41,188335.37
Maize,1.21,2650.22,156.47,15.3,2514.88,2.99,5042.75,1957.61,28434.92
Cotton,8.59,32929.2,1221.81,236.6,28289.7,66.01,27818.03,2739.1,292619.39
Wheat,3.5,6399.48,424.78,42.4,8825.96,7.08,12062.05,2629.42,68834.78
Rice,4.67,10564.1,703.3,96.6,30425.55,20.31,14799.26,3658.29,150641.75
Wheat,6.15,11032.57,724.26,60.8,16824.22,13.87,21790.5,3482.07,121449.02
Maize,5.61,10864.7,788.15,60.4,13295.89,22.96,21988.38,2699.77,121993.94
Wheat,7.85,12846.32,980.17,84.9,13553.12,20.93,27165.12,3153.04,158944.21
Cotton,3.73,13293.42,472.65,107.2,11910.44,21.99,13844.77,2633.76,134874.34
Rice,6.91,15315.66,1077.14,131.5,51788.33,22.72,25977.63,3409.5,208625.48
Cotton,4.18,17597.15,456.64,124.8,14789.11,34.27,14577.49,2678.08,165231.48
Cotton,8.01,25475.2,976.24,227.7,23006.57,62.45,28280.7,4175.93,272463.79
Sugarcane,7.39,33540.53,1571.75,259.3,48681.52,36.88,25767.49,4587.33,298673.68
Wheat,2.7,4537.96,276.7,30.2,7118.69,6.5,10278.49,2021.92,56280.19
Wheat,10.03,18183.57,1242.68,114.4,24001.01,20.8,32033.15,4475.53,194283.9
Wheat,3.5,6843.53,378.09,35.1,10772.66,7.89,12069.08,2607.05,75284.55
Maize,8.37,16702.64,815.15,150.0,18844.11,26.53,30085.68,4168.99,197142.88
Maize,6.29,13286.37,784.51,76.1,13031.65,23.79,20659.78,3701.43,146835.47
Cotton,16.36,61840.58,2180.25,421.0,52266.17,110.19,46709.83,6334.57,578059.32
Cotton,4.28,15980.52,620.39,118.2,16453.92,43.65,16625.65,3262.82,177352.15
Cotton,3.95,14274.59,616.21,115.1,11952.19,34.72,14609.43,2034.79,147269.65
Wheat,4.89,8236.76,700.79,54.1,12450.23,13.05,16343.17,3168.12,113895.16
Maize,4.07,8856.75,352.03,58.0,7270.5,12.49,15391.78,2392.41,88418.06
Rice,8.33,19604.55,1228.73,232.1,50217.23,42.04,28568.98,4400.95,290501.12
Rice,1.73,3555.28,293.26,38.0,10950.67,6.29,7721.39,1704.87,60086.56
Cotton,2.5,8890.03,340.69,65.7,7181.53,20.47,9968.8,2790.85,91613.85
Wheat,2.47,4072.57,304.96,31.1,6934.16,4.53,10444.91,2125.62,54911.94
Wheat,9.19,16787.35,1172.49,93.8,20725.87,25.21,26939.15,4498.82,183278.14
Sugarcane,15.06,64604.85,3729.5,553.1,141087.48,65.44,54134.06,8423.0,744745.22
Wheat,4.63,8905.02,554.83,48.6,10507.89,10.68,14716.25,2635.75,98677.75
Cotton,4.44,17311.77,632.3,126.9,14209.46,37.56,18092.21,2600.31,159604.61
Wheat,5.18,8908.92,653.75,63.8,14847.69,12.72,16812.19,3300.91,110039.01
Rice,10.54,23206.12,1802.43,223.1,69687.29,32.75,37558.2,5170.41,343886.7
Rice,2.71,6298.5,416.9,46.6,15973.06,8.94,9176.68,1433.17,79989.31
Rice,5.78,12999.38,875.67,131.6,33069.11,27.47,20948.41,3805.87,189395.94
Sugarcane,9.34,40951.52,2089.08,354.9,79517.16,40.51,33738.14,6317.77,403502.89
Rice,6.86,15252.74,1032.13,127.4,45435.82,24.31,28466.56,3083.08,214568.54
Cotton,5.6,22913.93,794.74,162.4,19480.31,51.07,21948.02,3273.36,218874.15
Rice,9.49,20987.54,1361.18,157.2,53420.13,32.8,27016.24,4899.33,249997.68
Cotton,1.0,3796.56,133.77,35.7,3355.11,7.34,4717.11,1195.86,44500.49
Maize,7.7,18275.79,882.3,102.9,13683.29,24.46,28002.56,3826.71,167260.07
Sugarcane,3.24,13669.27,678.0,84.1,22186.14,13.35,12380.04,3736.17,124178.3
Wheat,1.51,2694.28,190.47,20.2,4004.53,3.36,6480.16,2664.54,38138.16
Wheat,6.91,12264.16,725.85,72.1,15477.76,17.39,26438.59,3980.29,136595.82
Rice,12.1,26368.56,1856.95,230.0,66902.31,47.63,40473.81,6328.72,375103.9
Cotton,4.53,16994.17,643.57,100.5,14851.13,33.04,18977.76,2241.75,158077.13
Wheat,9.2,17366.45,1149.9,103.6,21730.39,25.71,32821.62,5097.9,190401.86
Rice,14.13,27343.08,1905.86,360.1,96909.06,50.19,46937.02,6923.13,459462.75
Cotton,11.64,45516.92,1609.09,300.5,38892.15,89.72,39925.84,3796.21,415016.91
Rice,14.38,29112.56,1928.95,279.1,93170.0,51.84,50012.92,7072.17,395640.75
Sugarcane,8.02,34148.62,1754.37,308.2,62252.85,50.26,24410.89,5868.95,369975.89
Wheat,5.2,8517.96,629.06,54.6,13235.9,11.32,18983.98,3013.3,111075.69
Wheat,1.75,3702.44,201.5,23.2,5485.17,5.03,7910.57,1422.94,43497.07
Sugarcane,4.22,22196.03,870.39,169.6,32988.5,17.11,16749.05,3608.7,200796.31
Rice,2.86,6328.93,398.43,53.4,19443.37,13.17,10757.07,2809.67,94248.3
Cotton,20.31,77314.88,2997.0,566.1,63740.36,126.67,69545.9,5917.19,644899.17
Rice,4.42,9806.52,658.09,111.3,24866.36,18.3,15297.25,3375.66,148295.97
Wheat,5.37,11043.52,680.91,67.5,14826.67,16.87,21352.97,3752.38,123423.18
Sugarcane,7.09,28890.28,1572.77,239.1,61476.11,34.32,26869.58,5189.72,327498.15
Sugarcane,5.1,24401.08,1141.03,163.0,41743.87,17.77,18008.63,3150.08,217015.86
Cotton,14.91,62844.21,1740.56,353.2,45252.46,89.05,45342.87,5544.85,433998.43
Rice,3.3,7306.0,447.92,72.3,21077.58,16.51,13224.33,2378.08,119544.23
Cotton,5.62,19870.1,768.22,165.5,18729.45,35.78,20663.36,2609.19,196281.01
Rice,3.06,6821.94,492.66,77.2,20637.41,10.6,11997.64,2681.45,103676.37
Wheat,2.1,3975.9,286.89,23.5,4034.97,5.54,8746.8,2163.76,45539.92
Maize,3.33,7426.27,378.54,49.1,7975.29,9.1,14194.15,2918.71,74035.64
Wheat,4.84,9088.65,564.94,38.1,12209.42,14.2,15959.82,2753.62,93485.17
Maize,3.75,6592.03,358.69,59.5,7780.86,11.29,12000.37,2837.22,79698.31
Rice,3.16,7351.72,481.51,76.6,22891.66,13.17,12638.73,2987.01,108259.98
